동별(1),동별(2),동별(3),소계,전,답,과수원,목장용지,임야,광천지,염전,대지,공장용지,학교용지,주차장,주유소용지,창고용지,도로,철도용지,제방,하천,구거,유지,양어장,수도용지,공원,체육용지,유원지,종교용지,사적지,묘지,잡종지
서울시,소계,소계,605204030,9048327,7660375.5,248118.4,388,136749712.1,-,-,223108814.4,2842072.1,24926848.1,1274754.3,551512.3,81249.9,80615923.1,7101235.6,3827014.2,52057989.5,3235365.2,1515865.1,-,1582510.8,24584690.6,1478365.7,43339,2401141.1,1688804.2,2321754.2,16257859.6
서울시,종로구,소계,23913222.8,799040.5,-,-,-,9359264.1,-,-,8197081.1,-,904734.8,22566.6,5974.6,-,2385258.2,932.9,10946.9,275951.2,164383.4,-,-,85.2,320402.3,-,-,106967.4,1244517.4,11001,104115.2
서울시,종로구,청운동,797032.5,-,-,-,-,441206.1,-,-,176829.7,-,99338.1,-,-,-,50790.1,-,-,2529.3,3705.4,-,-,-,22633.8,-,-,-,-,-,-
서울시,종로구,신교동,99144,-,-,-,-,6344.3,-,-,37969.5,-,37241.8,1971.4,-,-,10024.7,-,-,831.1,441.3,-,-,-,3888.6,-,-,342.8,88.5,-,-
서울시,종로구,궁정동,73042.7,-,-,-,-,-,-,-,36054,-,-,-,-,-,14836.6,-,-,-,333.8,-,-,-,-,-,-,-,21818.3,-,-
서울시,종로구,효자동,59135.9,-,-,-,-,-,-,-,44176.8,-,-,787.4,-,-,12877.4,-,-,429.8,864.5,-,-,-,-,-,-,-,-,-,-
서울시,종로구,창성동,59706.1,-,-,-,-,-,-,-,43532.5,-,-,-,-,-,14495.8,-,-,-,1033.2,-,-,-,-,-,-,644.6,-,-,-
서울시,종로구,통의동,62960.3,-,-,-,-,-,-,-,44624.8,-,-,-,-,-,17045.9,-,-,1107.5,182.1,-,-,-,-,-,-,-,-,-,-
서울시,종로구,적선동,43131.9,-,-,-,-,-,-,-,22424.1,-,-,2969.4,-,-,16072.2,148.8,-,638,879.4,-,-,-,-,-,-,-,-,-,-
서울시,종로구,통인동,50330.9,-,-,-,-,-,-,-,38948,-,-,-,-,-,9990.8,-,-,727.3,664.8,-,-,-,-,-,-,-,-,-,-
서울시,종로구,누상동,261803.6,-,-,-,-,187452.2,-,-,45223.5,-,16232.6,1216.5,-,-,10491.6,-,-,-,1187.2,-,-,-,-,-,-,-,-,-,-
서울시,종로구,누하동,56702.3,-,-,-,-,-,-,-,30475,-,14185.7,-,-,-,11370.6,-,-,49.6,621.4,-,-,-,-,-,-,-,-,-,-
서울시,종로구,옥인동,414842.7,-,-,-,-,225416.2,-,-,109282.9,-,-,430,-,-,30668.3,-,-,826.5,1130.6,-,-,-,47088.2,-,-,-,-,-,-
서울시,종로구,체부동,45188.5,-,-,-,-,-,-,-,37523.3,-,-,-,-,-,4144.9,-,-,644.6,2677.4,-,-,-,-,-,-,198.3,-,-,-
서울시,종로구,필운동,86207.7,-,-,-,-,9809,-,-,38068.6,-,20065.4,337.2,-,-,15189.2,-,-,-,187.1,-,-,-,-,-,-,2551.2,-,-,-
서울시,종로구,내자동,52259.8,-,-,-,-,-,-,-,35314.4,-,-,-,-,-,15523,-,-,-,1422.4,-,-,-,-,-,-,-,-,-,-
서울시,종로구,사직동,284141.8,-,-,-,-,79726.2,-,-,86570.5,-,4032.6,521.3,617.5,-,44551.4,-,-,-,1543.8,-,-,-,22991.7,-,-,-,43586.8,-,-
서울시,종로구,도렴동,29147.7,-,-,-,-,-,-,-,19348.9,-,-,-,-,-,6380.6,-,-,-,1246.9,-,-,-,441.8,-,-,1729.5,-,-,-
서울시,종로구,당주동,43172.3,-,-,-,-,-,-,-,27634.7,-,-,42.5,-,-,12222.2,-,-,-,619.5,-,-,-,2413,-,-,240.4,-,-,-
서울시,종로구,내수동,70392.5,-,-,-,-,-,-,-,50374.6,-,-,-,-,-,13478.3,-,-,-,1153,-,-,-,5386.6,-,-,-,-,-,-
서울시,종로구,세종로,888697.3,-,-,-,-,-,-,-,429522.1,-,-,-,-,-,129839.4,-,-,6879.4,299,-,-,-,6446.1,-,-,-,315711.3,-,-
서울시,종로구,신문로1가,65615.3,-,-,-,-,-,-,-,32854.2,-,-,555.7,-,-,26525.1,-,-,-,536.9,-,-,-,1097,-,-,3996.6,-,-,49.8
서울시,종로구,신문로2가,256641.8,-,-,-,-,-,-,-,220426.6,-,-,-,-,-,33343.1,-,-,-,69.3,-,-,-,2478.8,-,-,-,324,-,-
서울시,종로구,청진동,61547.9,-,-,-,-,-,-,-,42156,-,-,-,-,-,16081.2,-,-,625.8,376.9,-,-,-,2308,-,-,-,-,-,-
서울시,종로구,서린동,47251.3,-,-,-,-,-,-,-,27398,-,-,-,-,-,15234.3,-,-,3342.1,-,-,-,-,1276.9,-,-,-,-,-,-
서울시,종로구,수송동,98470.8,-,-,-,-,-,-,-,73028.5,-,-,-,-,-,15054.8,-,-,835.3,279,-,-,-,3703.3,-,-,5569.9,-,-,-
서울시,종로구,중학동,30639.1,-,-,-,-,-,-,-,15102.5,-,-,-,-,-,13903.5,-,-,1533.9,99.2,-,-,-,-,-,-,-,-,-,-
서울시,종로구,종로1가,28463.2,-,-,-,-,-,-,-,6103.2,-,-,-,-,-,21993.1,-,-,366.9,-,-,-,-,-,-,-,-,-,-,-
서울시,종로구,공평동,38723.9,-,-,-,-,-,-,-,28824.4,-,-,-,-,-,9899.5,-,-,-,-,-,-,-,-,-,-,-,-,-,-
서울시,종로구,관훈동,73374,-,-,-,-,-,-,-,56815.5,-,-,-,-,-,15271.5,-,-,-,1287,-,-,-,-,-,-,-,-,-,-
서울시,종로구,견지동,46356.7,-,-,-,-,-,-,-,28772.3,-,-,-,-,-,15098.7,-,-,-,607.5,-,-,-,-,-,-,1878.2,-,-,-
서울시,종로구,와룡동,707460.7,-,-,-,-,5596.2,-,-,34458.5,-,-,-,217.1,-,29375.1,-,-,1420.8,620.4,-,-,-,-,-,-,-,635772.6,-,-
서울시,종로구,권농동,34394.9,-,-,-,-,-,-,-,15202.7,-,-,-,-,-,10951.1,-,-,49.6,290,-,-,-,7901.5,-,-,-,-,-,-
서울시,종로구,운니동,69916,-,-,-,-,-,-,-,56822.8,-,-,-,-,-,13040.3,-,-,-,52.9,-,-,-,-,-,-,-,-,-,-
서울시,종로구,익선동,46498.2,-,-,-,-,-,-,-,38375.7,-,-,-,-,-,7491.2,-,-,-,631.3,-,-,-,-,-,-,-,-,-,-
서울시,종로구,경운동,57151.9,-,-,-,-,-,-,-,25648.3,-,9136,-,543.3,-,16987,-,-,-,818.5,-,-,-,-,-,-,4018.8,-,-,-
서울시,종로구,관철동,80572.8,-,-,-,-,-,-,-,46517.1,-,-,-,-,-,27744.4,-,-,4734.9,239.6,-,-,-,1336.8,-,-,-,-,-,-
서울시,종로구,인사동,69726.6,-,-,-,-,-,-,-,44027.2,-,-,-,-,-,16873.7,-,-,-,1062.1,-,-,-,1979.8,-,-,5783.8,-,-,-
서울시,종로구,낙원동,73125.3,-,-,-,-,-,-,-,51946.4,-,-,-,-,-,18956.6,-,-,-,1556.8,-,-,-,-,-,-,665.5,-,-,-
서울시,종로구,종로2가,59331,-,-,-,-,-,-,-,16969.2,-,-,-,-,-,29351.9,-,-,-,505.6,-,-,-,1412,-,-,-,11092.3,-,-
서울시,종로구,팔판동,41466.5,-,-,-,-,-,-,-,27064,-,-,-,-,-,11473.3,-,-,1927.3,54.9,-,-,-,-,-,-,947,-,-,-
서울시,종로구,삼청동,1186746.9,-,-,-,-,953128.1,-,-,187600.5,-,3965.5,331.6,-,-,30297.3,-,-,8243.4,2305.2,-,-,-,-,-,-,819.8,-,-,55.5
서울시,종로구,안국동,68134.1,-,-,-,-,-,-,-,47016.4,-,9320.4,-,-,-,9420.9,15.6,-,-,260.4,-,-,-,-,-,-,2100.4,-,-,-
서울시,종로구,소격동,61326.9,-,-,-,-,-,-,-,50730.9,-,-,-,-,-,7991.1,-,-,2585.1,19.8,-,-,-,-,-,-,-,-,-,-
서울시,종로구,화동,58288.9,-,-,-,-,-,-,-,51563.5,-,-,-,-,-,6035.4,-,-,541.3,148.7,-,-,-,-,-,-,-,-,-,-
서울시,종로구,사간동,28910,-,-,-,-,-,-,-,23783,-,-,-,-,-,3199.6,-,-,1190.1,-,-,-,-,-,-,-,737.3,-,-,-
서울시,종로구,송현동,45484.9,-,-,-,-,-,-,-,37082,-,-,-,-,-,8045.9,-,-,-,357,-,-,-,-,-,-,-,-,-,-
서울시,종로구,가회동,158099.4,-,-,-,-,3378.5,-,-,118133.6,-,8224.3,336.1,-,-,27888.1,-,-,-,138.8,-,-,-,-,-,-,-,-,-,-
서울시,종로구,재동,53276,-,-,-,-,-,-,-,37935,-,2505.6,-,-,-,12548.8,-,-,-,286.6,-,-,-,-,-,-,-,-,-,-
서울시,종로구,계동,173819.1,-,-,-,-,18814,-,-,82714.1,-,55371.1,-,-,-,16045.2,-,-,-,874.7,-,-,-,-,-,-,-,-,-,-
서울시,종로구,원서동,156195.9,-,-,-,-,45044,-,-,64539.5,-,7626.2,51.3,-,-,15848.5,-,-,-,1965.2,-,-,-,2304.7,-,-,-,18816.5,-,-
서울시,종로구,훈정동,206168.9,-,-,-,-,-,-,-,134.9,-,-,-,-,-,2880.5,-,-,-,105.8,-,-,-,19051,-,-,-,183996.7,-,-
서울시,종로구,묘동,30711.5,-,-,-,-,-,-,-,17315.1,-,-,-,-,-,12632.4,73.1,-,-,690.9,-,-,-,-,-,-,-,-,-,-
서울시,종로구,봉익동,39241.1,-,-,-,-,-,-,-,25391.2,-,-,-,-,-,8319,-,-,-,695.2,-,-,-,4835.7,-,-,-,-,-,-
서울시,종로구,돈의동,32535.8,-,-,-,-,-,-,-,24848,-,-,274.5,-,-,6520.7,-,-,-,892.6,-,-,-,-,-,-,-,-,-,-
서울시,종로구,장사동,57515.3,-,-,-,-,-,-,-,36339.1,-,-,-,-,-,13754.3,-,-,5121.6,233.5,-,-,-,2066.8,-,-,-,-,-,-
서울시,종로구,관수동,60459.6,-,-,-,-,-,-,-,42640.7,-,-,-,-,-,13114.7,-,-,4205,499.2,-,-,-,-,-,-,-,-,-,-
서울시,종로구,종로3가,44654.3,-,-,-,-,-,-,-,14098.6,-,-,-,-,-,17975.6,-,-,-,9312.5,-,-,-,3267.6,-,-,-,-,-,-
서울시,종로구,인의동,82690.1,-,-,-,-,-,-,-,56022.9,-,-,-,-,-,19034.8,-,-,-,1173.9,-,-,-,6458.5,-,-,-,-,-,-
서울시,종로구,예지동,68625.7,-,-,-,-,-,-,-,42457.2,-,-,-,-,-,20134.5,-,-,5530.3,342.5,-,-,-,161.2,-,-,-,-,-,-
서울시,종로구,원남동,74095.3,-,-,-,-,-,-,-,46079.8,-,942.1,-,-,-,25905.3,-,-,-,237.8,-,-,-,-,-,-,930.3,-,-,-
서울시,종로구,연지동,111716,-,-,-,-,-,-,-,89212.9,-,-,86,-,-,18768.2,-,-,-,347.1,-,-,-,3301.8,-,-,-,-,-,-
서울시,종로구,종로4가,43120.8,-,-,-,-,-,-,-,16018.2,-,-,-,-,-,24070.8,-,-,-,640.9,-,-,-,2390.9,-,-,-,-,-,-
서울시,종로구,효제동,100304.3,-,-,-,-,-,-,-,59301.9,-,16712,-,-,-,21973.8,-,-,2280.5,36.1,-,-,-,-,-,-,-,-,-,-
서울시,종로구,종로5가,111536,-,-,-,-,-,-,-,58039.3,-,-,55.5,-,-,42036.8,-,-,9727.4,1677,-,-,-,-,-,-,-,-,-,-
서울시,종로구,종로6가,151927.6,-,-,-,-,-,-,-,74489,-,-,327.3,-,-,46301.1,443.8,1411.6,6993.7,2012.2,-,-,-,12961.9,-,-,3644.2,3342.8,-,-
서울시,종로구,이화동,122431.7,-,-,-,-,-,-,-,71616.4,-,12810.2,2046.8,-,-,24253,-,-,1937.2,1060,-,-,-,8708.1,-,-,-,-,-,-
서울시,종로구,연건동,295241.4,-,-,-,-,-,-,-,152624.6,-,94993.9,307.4,-,-,43125.8,-,-,4083.9,105.8,-,-,-,-,-,-,-,-,-,-
서울시,종로구,충신동,128023.3,-,-,-,-,211.3,-,-,89337.8,-,-,-,-,-,34294.1,-,-,1121.3,1346.7,-,-,-,1467.5,-,-,244.6,-,-,-
서울시,종로구,동숭동,365307.9,-,-,-,-,58649.9,-,-,178726,-,56092.3,1194.8,-,-,52404.9,-,-,1890.9,6179.8,-,-,-,7573.2,-,-,2596.1,-,-,-
서울시,종로구,혜화동,324350.3,-,-,-,-,13140.8,-,-,144721.9,-,97743,80,627.7,-,57945.7,-,-,-,3248.4,-,-,24.3,-,-,-,6818.5,-,-,-
서울시,종로구,명륜1가,193340.1,-,-,-,-,10248.4,-,-,117439,-,24763.1,2012.1,-,-,28565.4,-,-,-,2153.2,-,-,60.9,5615.3,-,-,2482.7,-,-,-
서울시,종로구,명륜2가,108495.9,-,-,-,-,-,-,-,81974.7,-,-,113.1,-,-,23693.5,-,-,-,2122.1,-,-,-,-,-,-,592.5,-,-,-
서울시,종로구,명륜4가,74744.9,-,-,-,-,-,-,-,50711.8,-,4007.9,125.6,-,-,16046.1,-,-,1305.8,925.3,-,-,-,-,-,-,1622.4,-,-,-
서울시,종로구,명륜3가,414470.5,-,-,-,-,100934.6,-,-,170808.9,-,111283.3,651.7,-,-,26403.3,-,-,-,3679.9,-,-,-,-,-,-,515.8,193,-,-
서울시,종로구,창신동,779623.3,-,-,-,-,26052,-,-,537459.6,-,25696.8,2775.6,-,-,122261.8,251.6,7075.8,21844.6,9049,-,-,-,16454.6,-,-,8587.3,353.7,-,1760.9
서울시,종로구,숭인동,595558.1,112.5,-,-,-,10964.5,-,-,370201.4,-,13824.4,1933.1,-,-,129400.4,-,2459.5,11550.7,7346.4,-,-,-,33612,-,-,3868.5,9332.3,-,952.4
서울시,종로구,교남동,22303.9,-,-,-,-,-,-,-,12722.5,-,-,-,-,-,8790.1,-,-,224.3,-,-,-,-,448.4,-,-,-,-,-,118.6
서울시,종로구,평동,80527.3,-,-,-,-,-,-,-,60750.8,-,-,-,-,-,18373.4,-,-,324.8,25.1,-,-,-,1053.2,-,-,-,-,-,-
서울시,종로구,송월동,44554.5,-,-,-,-,-,-,-,25222.7,-,-,-,-,-,8208.5,-,-,14.4,-,-,-,-,8836.3,-,-,2224,48.6,-,-
서울시,종로구,홍파동,41740.9,-,-,-,-,-,-,-,34156.8,-,-,-,-,-,3643.6,-,-,-,-,-,-,-,3239.2,-,-,701.3,-,-,-
서울시,종로구,교북동,29996.3,-,-,-,-,-,-,-,14397.2,-,-,-,-,-,15455.7,-,-,-,143.4,-,-,-,-,-,-,-,-,-,-
서울시,종로구,행촌동,129410.6,-,-,-,-,360.1,-,-,69051,-,13916,575.3,-,-,37079.9,-,-,-,526.2,-,-,-,6937,-,-,965.1,-,-,-
서울시,종로구,구기동,3710703.7,297767,-,-,-,2842481,-,-,382257.6,-,13522,-,-,-,65316.1,-,-,39504,19495,-,-,-,1224,-,-,19108,-,1038,28991
서울시,종로구,평창동,5154778.4,123349,-,-,-,3408033.2,-,-,1198118.1,-,25146,-,1867,-,231031.3,-,-,80014.2,23419,-,-,-,29573.6,-,-,13684,-,9963,10580
서울시,종로구,부암동,1547704,304382,-,-,-,629891,-,-,436864,-,-,237,1561,-,96137,-,-,-,23123,-,-,-,283,-,-,1782,-,-,53444
서울시,종로구,홍지동,356755,39289,-,-,-,38122,-,-,130399,-,93499,-,541,-,30531,-,-,10243,4676,-,-,-,-,-,-,3391,-,-,6064
서울시,종로구,신영동,361252.1,34141,-,-,-,78602,-,-,171299.7,-,7574,-,-,-,40444.4,-,-,25974,93,-,-,-,-,-,-,985,40,-,2099
서울시,종로구,무악동,362555.9,-,-,-,-,165658.5,-,-,150321.3,-,4963.5,220.4,-,-,36467.5,-,-,-,1131.8,-,-,-,3792.9,-,-,-,-,-,-
서울시,중구,소계,9959947.4,-,-,-,-,1273303,-,-,5194309.2,5833.1,406573.6,39407,7647.4,-,2133233.1,122766.1,-,29443.2,14584.6,-,-,28260.6,463037.4,17811.1,-,114361.9,103210.1,-,6166
서울시,중구,무교동,32184.5,-,-,-,-,-,-,-,19140,-,-,-,-,-,12474.3,-,-,-,-,-,-,-,570.2,-,-,-,-,-,-
서울시,중구,다동,58770.1,-,-,-,-,-,-,-,36022.4,-,-,-,-,-,19614.5,-,-,-,-,-,-,-,3070.4,-,-,-,-,-,62.8
서울시,중구,태평로1가,74327.5,-,-,-,-,-,-,-,44891.8,-,-,-,-,-,28596.2,-,-,-,-,-,-,-,-,-,-,-,-,-,839.5
서울시,중구,을지로1가,62451.4,-,-,-,-,-,-,-,37562.7,-,-,-,-,-,24545.3,-,-,-,-,-,-,-,-,-,-,-,343.4,-,-
서울시,중구,을지로2가,112470.5,-,-,-,-,-,-,-,71881,-,-,-,-,-,39681.3,-,-,-,-,-,-,-,908.2,-,-,-,-,-,-
서울시,중구,남대문로1가,19106.2,-,-,-,-,-,-,-,4405.6,-,-,-,-,-,14700.6,-,-,-,-,-,-,-,-,-,-,-,-,-,-
서울시,중구,삼각동,27259.9,-,-,-,-,-,-,-,11661.8,-,-,833.1,-,-,12544,-,-,-,-,-,-,-,2221,-,-,-,-,-,-
서울시,중구,수하동,18360.8,-,-,-,-,-,-,-,14705.8,-,-,-,-,-,3340.2,-,-,-,-,-,-,-,314.8,-,-,-,-,-,-
서울시,중구,장교동,33982.7,-,-,-,-,-,-,-,18567.7,-,-,-,-,-,15244,-,-,-,-,-,-,-,171,-,-,-,-,-,-
서울시,중구,수표동,35130.3,-,-,-,-,-,-,-,23062.1,-,-,-,-,-,11620.1,-,-,-,-,-,-,-,448.1,-,-,-,-,-,-
서울시,중구,소공동,82318.9,-,-,-,-,-,-,-,58440.5,-,-,1099,-,-,18772.6,-,-,-,-,-,-,-,-,-,-,-,4006.8,-,-
서울시,중구,남창동,138532.1,-,-,-,-,-,-,-,75487.2,-,-,370.3,-,-,45638.3,13.2,-,-,-,-,-,-,11387.5,-,-,5635.6,-,-,-
서울시,중구,북창동,44298.4,-,-,-,-,-,-,-,35867.9,-,-,-,-,-,8430.5,-,-,-,-,-,-,-,-,-,-,-,-,-,-
서울시,중구,태평로2가,82257.1,-,-,-,-,-,-,-,39445.6,-,-,-,-,-,42811.5,-,-,-,-,-,-,-,-,-,-,-,-,-,-
서울시,중구,남대문로2가,26561.4,-,-,-,-,-,-,-,5987.5,-,-,-,-,-,20562.1,-,-,-,11.8,-,-,-,-,-,-,-,-,-,-
서울시,중구,남대문로3가,33664.1,-,-,-,-,-,-,-,20197.2,-,-,-,-,-,13466.9,-,-,-,-,-,-,-,-,-,-,-,-,-,-
서울시,중구,남대문로4가,54834.8,-,-,-,-,-,-,-,29686.1,-,-,-,-,-,22715.6,-,-,-,-,-,-,-,-,-,-,-,2433.1,-,-
서울시,중구,남대문로5가,229109.7,-,-,-,-,-,-,-,120896.8,-,-,-,953.1,-,74285.6,-,-,-,-,-,-,-,32974.2,-,-,-,-,-,-
서울시,중구,봉래동1가,41450.1,-,-,-,-,-,-,-,20180.2,-,-,-,-,-,20331.1,938.8,-,-,-,-,-,-,-,-,-,-,-,-,-
서울시,중구,봉래동2가,129444.9,-,-,-,-,-,-,-,2492.5,-,-,-,-,-,21154,102833.8,-,-,-,-,-,-,-,-,-,-,2964.6,-,-
서울시,중구,회현동1가,300856,-,-,-,-,112087.5,-,-,124217.8,-,-,132.2,-,-,43451.8,371.1,-,-,-,-,-,-,20595.6,-,-,-,-,-,-
서울시,중구,회현동2가,70675.8,-,-,-,-,-,-,-,37913.8,-,-,753.2,-,-,31589.7,-,-,-,-,-,-,-,-,-,-,-,-,-,419.1
서울시,중구,회현동3가,12535.9,-,-,-,-,-,-,-,8954.8,-,-,-,-,-,3581.1,-,-,-,-,-,-,-,-,-,-,-,-,-,-
서울시,중구,충무로1가,59416.1,-,-,-,-,-,-,-,37032,-,-,-,-,-,22384.1,-,-,-,-,-,-,-,-,-,-,-,-,-,-
서울시,중구,충무로2가,69365.2,-,-,-,-,-,-,-,42991.2,-,-,-,-,-,26374,-,-,-,-,-,-,-,-,-,-,-,-,-,-
서울시,중구,명동1가,36654.4,-,-,-,-,-,-,-,29554.9,-,-,-,-,-,7099.5,-,-,-,-,-,-,-,-,-,-,-,-,-,-
서울시,중구,명동2가,118030.2,-,-,-,-,-,-,-,59975.2,-,-,-,-,-,15367,-,-,-,-,-,-,-,-,-,-,42688,-,-,-
서울시,중구,남산동1가,23091.8,-,-,-,-,-,-,-,18723.8,-,-,41.3,-,-,4326.7,-,-,-,-,-,-,-,-,-,-,-,-,-,-
서울시,중구,남산동2가,72800.7,-,-,-,-,458.5,-,-,53246,-,8614,112.4,-,-,10369.8,-,-,-,-,-,-,-,-,-,-,-,-,-,-
서울시,중구,남산동3가,29185.2,-,-,-,-,-,-,-,18050.2,-,37.2,-,-,-,9065,-,-,-,-,-,-,-,229.9,-,-,1669.1,-,-,133.8
서울시,중구,저동1가,35683.9,-,-,-,-,-,-,-,17983.4,-,-,-,-,-,16244.5,-,-,-,-,-,-,-,1456,-,-,-,-,-,-
서울시,중구,충무로4가,58551.4,-,-,-,-,-,-,-,38650.9,-,-,-,-,-,19686.7,213.8,-,-,-,-,-,-,-,-,-,-,-,-,-
서울시,중구,충무로5가,54147,-,-,-,-,-,-,-,32093.8,-,-,-,-,-,18145.8,-,-,-,-,-,-,-,3907.4,-,-,-,-,-,-
서울시,중구,인현동2가,70400.7,-,-,-,-,-,-,-,37087.1,-,12722.4,-,-,-,19259.6,-,-,-,-,-,-,-,1331.6,-,-,-,-,-,-
서울시,중구,예관동,38752.4,-,-,-,-,-,-,-,22893.9,-,6.6,1198.7,-,-,13749.2,-,-,-,3.6,-,-,-,900.4,-,-,-,-,-,-
서울시,중구,묵정동,61877,-,-,-,-,-,-,-,46119.4,-,-,280.7,-,-,14325.4,-,-,-,21.3,-,-,-,-,-,-,982.8,-,-,147.4
서울시,중구,필동1가,36069.6,-,-,-,-,-,-,-,25263.6,-,-,-,-,-,10806,-,-,-,-,-,-,-,-,-,-,-,-,-,-
서울시,중구,필동2가,185371.1,-,-,-,-,-,-,-,157237.6,-,-,1072,504.5,-,26068.1,-,-,-,24.2,-,-,-,-,-,-,414.5,-,-,50.2
서울시,중구,필동3가,94203.8,-,-,-,-,-,-,-,68948.4,-,4241.3,236.5,-,-,20777.6,-,-,-,-,-,-,-,-,-,-,-,-,-,-
서울시,중구,남학동,10812.7,-,-,-,-,-,-,-,6387.8,-,-,295.6,-,-,4129.3,-,-,-,-,-,-,-,-,-,-,-,-,-,-
서울시,중구,주자동,22918,-,-,-,-,-,-,-,4314.1,-,-,421,-,-,12674.4,-,-,-,-,-,-,-,5508.5,-,-,-,-,-,-
서울시,중구,예장동,679114.8,-,-,-,-,535495.8,-,-,109855.1,-,-,5004.7,-,-,23740.8,-,-,-,-,-,-,-,1970.4,-,-,-,1652.9,-,1395.1
서울시,중구,장충동1가,148854,-,-,-,-,-,-,-,113814.7,-,-,-,890.3,-,32482.5,-,-,-,-,-,-,-,-,-,-,1666.5,-,-,-
서울시,중구,장충동2가,1182652.5,-,-,-,-,595892.2,-,-,230550.2,-,119466,3379.5,-,-,66304.9,-,-,-,5543,-,-,-,146730.8,10100.7,-,3449.2,234.1,-,1001.9
서울시,중구,광희동1가,54267.7,-,-,-,-,-,-,-,36735.1,-,-,-,-,-,15640,-,-,-,-,-,-,-,1892.6,-,-,-,-,-,-
서울시,중구,광희동2가,56452.2,-,-,-,-,-,-,-,32807.8,-,-,-,-,-,21759.8,211.7,-,-,7.6,-,-,-,972.4,-,-,-,692.9,-,-
서울시,중구,쌍림동,79494.8,-,-,-,-,-,-,-,47079.6,-,-,-,-,-,31844.8,-,-,-,-,-,-,-,476.8,-,-,93.6,-,-,-
서울시,중구,을지로6가,185278.2,-,-,-,-,-,-,-,119533.6,-,-,-,-,-,58571.6,-,-,2603.9,894.6,-,-,-,3664.6,-,-,-,-,-,9.9
서울시,중구,을지로7가,91838.9,-,-,-,-,-,-,-,62291.4,-,-,-,-,-,19826.5,1561.4,-,-,-,-,-,-,-,6941.4,-,-,-,-,1218.2
서울시,중구,을지로4가,70438.9,-,-,-,-,-,-,-,37840.3,-,26.6,-,-,-,32559.4,-,-,-,12.6,-,-,-,-,-,-,-,-,-,-
서울시,중구,을지로5가,78275.1,-,-,-,-,-,-,-,41204.2,-,-,-,-,-,26043.1,-,-,-,20.8,-,-,-,11007,-,-,-,-,-,-
서울시,중구,주교동,73209.9,-,-,-,-,-,-,-,49979.5,-,-,-,-,-,23230.4,-,-,-,-,-,-,-,-,-,-,-,-,-,-
서울시,중구,방산동,59102.5,-,-,-,-,-,-,-,39587.7,-,-,-,-,-,18557.1,-,-,399.7,-,-,-,-,471.7,-,-,-,86.3,-,-
서울시,중구,오장동,67304.6,-,-,-,-,-,-,-,44622.9,-,-,-,-,-,22620.5,-,-,-,61.2,-,-,-,-,-,-,-,-,-,-
서울시,중구,을지로3가,83455.4,-,-,-,-,-,-,-,55103.7,-,-,-,-,-,28252.9,98.8,-,-,-,-,-,-,-,-,-,-,-,-,-
서울시,중구,입정동,39581.6,-,-,-,-,-,-,-,25543.8,-,-,-,-,-,13759.1,48.1,-,-,27.3,-,-,-,203.3,-,-,-,-,-,-
서울시,중구,산림동,45036.7,-,-,-,-,-,-,-,29894.5,1473.5,-,-,-,-,13668.7,-,-,-,-,-,-,-,-,-,-,-,-,-,-
서울시,중구,충무로3가,46992.6,-,-,-,-,-,-,-,32566.7,-,-,-,-,-,14425.9,-,-,-,-,-,-,-,-,-,-,-,-,-,-
서울시,중구,초동,52350.4,-,-,-,-,-,-,-,30499.4,1960.6,-,2416.4,1935.1,-,14340.3,-,-,-,9.5,-,-,-,-,-,-,1189.1,-,-,-
서울시,중구,인현동1가,44593.9,-,-,-,-,-,-,-,33426.2,-,-,-,-,-,11126.1,-,-,-,-,-,-,-,41.6,-,-,-,-,-,-
서울시,중구,저동2가,54617.4,-,-,-,-,-,-,-,34801.6,-,-,-,-,-,10192.2,-,-,-,-,-,-,-,389.2,-,-,9234.4,-,-,-
서울시,중구,신당동,2386873.2,-,-,-,-,29369,-,-,1582879.4,2399,125504.2,17743,3099.6,-,443813.4,-,-,13350,6501,-,-,26428,125971.6,769,-,8340.3,311,-,394.7
서울시,중구,흥인동,124655.3,-,-,-,-,-,-,-,57584.4,-,26148.8,-,-,-,39949.3,-,-,-,315.3,-,-,-,657.5,-,-,-,-,-,-
서울시,중구,무학동,27308.9,-,-,-,-,-,-,-,13800.6,-,-,-,264.8,-,13243.5,-,-,-,-,-,-,-,-,-,-,-,-,-,-
서울시,중구,황학동,326761.3,-,-,-,-,-,-,-,224980.4,-,-,-,-,-,86581.7,-,-,13055,-,-,-,-,1472.2,-,-,672,-,-,-
서울시,중구,서소문동,115395.2,-,-,-,-,-,-,-,86188.8,-,-,615,-,-,28001.2,-,-,-,-,-,-,-,114.4,-,-,-,265.5,-,210.3
서울시,중구,정동,302776.8,-,-,-,-,-,-,-,104036.2,-,44840.8,-,-,-,34909.2,-,-,-,-,-,-,-,11514.4,-,-,17640.1,89836.1,-,-
서울시,중구,순화동,142619.9,-,-,-,-,-,-,-,62733.6,-,37142.1,-,-,-,33684.6,3893.9,-,-,376.9,-,-,-,4788.8,-,-,-,-,-,-
서울시,중구,의주로1가,26705.9,-,-,-,-,-,-,-,11135.8,-,-,-,-,-,13735.8,81,-,-,753.9,-,-,-,999.4,-,-,-,-,-,-
서울시,중구,충정로1가,33567.1,-,-,-,-,-,-,-,20645.9,-,2765.1,-,-,-,10156.1,-,-,-,-,-,-,-,-,-,-,-,-,-,-
서울시,중구,중림동,228728.3,-,-,-,-,-,-,-,138412.5,-,-,3259.6,-,-,58729.5,33.4,-,34.6,-,-,-,-,9428.4,-,-,18830.3,-,-,-
서울시,중구,의주로2가,39718.5,-,-,-,-,-,-,-,1136.5,-,-,-,-,-,11027.3,12355.4,-,-,-,-,-,-,15199.3,-,-,-,-,-,-
서울시,중구,만리동1가,70095.6,-,-,-,-,-,-,-,28979,-,1633.1,142.8,-,-,26390.2,111.7,-,-,-,-,-,-,12559,-,-,-,-,-,279.8
서울시,중구,만리동2가,143915,-,-,-,-,-,-,-,75836,-,23425.4,-,-,-,14060.7,-,-,-,-,-,-,1832.6,26517.2,-,-,1856.4,383.4,-,3.3
서울시,용산구,소계,21867577.4,36275.5,-,-,-,1602504,-,-,10085427.5,-,528228.2,18683.2,7938.3,1974.9,2515793.1,1205368.4,155421.6,4760506.6,86930.6,44896.3,-,401.8,139743.4,1299.2,-,84574.5,1548,43594,546468.3
서울시,용산구,후암동,865094.6,98.5,-,-,-,210021.7,-,-,471260,-,43012.8,225.7,417.3,-,121604.5,-,-,-,8905.5,-,-,-,1253.4,-,-,8215.3,78.3,-,1.6
서울시,용산구,용산동2가,1168991.4,-,-,-,-,261770.2,-,-,715259.2,-,52224.5,2490.9,-,-,126054,-,-,-,4855.8,-,-,-,1369.3,-,-,4967.5,-,-,-
서울시,용산구,용산동4가,789295.2,-,-,-,-,-,-,-,722508.8,-,-,-,-,-,35566.4,-,-,-,-,-,-,-,-,-,-,-,-,-,31220
서울시,용산구,갈월동,224312.5,-,-,-,-,-,-,-,122451.5,-,-,921.2,1008.5,-,59262.6,39179.2,-,125.4,302.7,-,-,-,-,-,-,1061.4,-,-,-
서울시,용산구,남영동,65020.1,-,-,-,-,-,-,-,44824.7,-,-,-,-,-,20195.4,-,-,-,-,-,-,-,-,-,-,-,-,-,-
서울시,용산구,용산동1가,608720.8,-,-,-,-,-,-,-,567048.5,-,-,-,-,-,30901.7,-,-,-,10770.6,-,-,-,-,-,-,-,-,-,-
서울시,용산구,동자동,289052.9,-,-,-,-,33.3,-,-,98536.8,-,-,-,-,-,59964.3,125037.4,-,-,-,-,-,-,2372.5,-,-,3108.6,-,-,-
서울시,용산구,서계동,250757.2,71.7,-,-,-,-,-,-,150859.1,-,12146.1,325.5,749.4,-,56337.9,16150.7,-,5411.1,4484.6,-,-,-,4221.1,-,-,-,-,-,-
서울시,용산구,청파동1가,197416.9,-,-,-,-,-,-,-,154439.2,-,-,397.7,610.1,-,33826.9,1077.4,-,2636.6,566.2,-,-,-,-,-,-,3836.4,-,-,26.4
서울시,용산구,청파동2가,223681.2,-,-,-,-,28915.6,-,-,78219.1,-,66877.5,-,-,284.3,32466.6,2551.2,-,3775.4,182.2,-,-,-,-,-,-,10315.6,-,-,93.7
서울시,용산구,청파동3가,231758.7,68.3,-,-,-,1895.3,-,-,105179.8,-,79134.4,-,-,203,33725.4,594.4,-,3058.8,-,-,-,-,6129,-,-,1770.3,-,-,-
서울시,용산구,원효로1가,205317.6,-,-,-,-,-,-,-,146994.1,-,-,-,-,-,54625.6,55.5,-,329.9,-,-,-,-,417.7,-,-,2894.8,-,-,-
서울시,용산구,원효로2가,131557,-,-,-,-,-,-,-,77711.6,-,9235,83,-,-,40679.9,3687.8,-,-,159.7,-,-,-,-,-,-,-,-,-,-
서울시,용산구,신창동,62663.3,72.4,-,-,-,-,-,-,45984,-,120,1178.6,-,-,14982.7,-,-,-,41.6,-,-,-,257.6,-,-,-,-,-,26.4
서울시,용산구,산천동,97437.6,-,-,-,-,7715.4,-,-,63727.1,-,6969.6,-,-,-,14122.8,-,-,-,-,-,-,93,-,-,-,4670.1,139.6,-,-
서울시,용산구,청암동,71490.7,-,-,-,-,-,-,-,30499.7,-,-,-,1280.3,-,14773.5,-,-,24135.5,-,-,-,-,406.1,-,-,395.6,-,-,-
서울시,용산구,원효로3가,162406.6,24.5,-,-,-,-,-,-,120113.4,-,1412.9,-,-,-,31935.1,-,102.5,340.1,1853.8,5044.8,-,-,1560.3,-,-,-,-,-,19.2
서울시,용산구,원효로4가,311434.2,-,-,-,-,1292.4,-,-,114921.5,-,21429.4,-,-,100.5,46223.3,-,17347.5,107461,848.8,360.9,-,-,-,-,-,-,-,-,1448.9
서울시,용산구,효창동,442538.7,5.9,-,-,-,128177.7,-,-,202082.6,-,13373.8,-,-,-,81466.6,2302.8,-,-,2131.4,-,-,-,10720.9,1299.2,-,977.8,-,-,-
서울시,용산구,도원동,88486.1,-,-,-,-,-,-,-,66369.6,-,-,-,-,-,10828.9,7804.7,-,-,-,-,-,308.8,1526.6,-,-,1647.5,-,-,-
서울시,용산구,용문동,191714,-,-,-,-,-,-,-,131144.2,-,-,129.6,-,-,43478,14773.4,-,-,1037.1,-,-,-,837.7,-,-,-,314,-,-
서울시,용산구,문배동,113316.1,-,-,-,-,-,-,-,62410.8,-,-,-,-,-,33675,3130.1,4675.2,872.7,3486.5,-,-,-,3813.9,-,-,1251.9,-,-,-
서울시,용산구,신계동,143769.4,418.2,-,-,-,-,-,-,75686.9,-,6248,1271.2,-,213.3,15701.5,19469.3,740.7,3791.3,892.2,728.9,-,-,17351.3,-,-,1157.8,-,-,98.8
서울시,용산구,한강로1가,237790.5,-,-,-,-,-,-,-,134977.7,-,-,-,-,-,69032.2,21334.7,193.4,-,7234.3,1103.9,-,-,2089.8,-,-,1824.5,-,-,-
서울시,용산구,한강로2가,448199.4,-,-,-,-,-,-,-,195630.1,-,14186,3323.7,-,376.8,87095.9,108347.3,3451.2,12651,1012.9,7905.8,-,-,10516.2,-,-,3702.5,-,-,-
서울시,용산구,용산동3가,335784.7,-,-,-,-,-,-,-,304503.1,-,-,-,-,-,31281.6,-,-,-,-,-,-,-,-,-,-,-,-,-,-
서울시,용산구,용산동5가,692356.3,-,-,-,-,-,-,-,617497.2,-,1135.9,-,-,-,46637.3,10032.6,-,-,-,-,-,-,17053.3,-,-,-,-,-,-
서울시,용산구,한강로3가,1188409.4,-,-,-,-,-,-,-,341660.8,-,21245.6,-,1502.7,-,109454.3,634037.9,3680.7,25923.7,2158.7,27511,-,-,18370.3,-,-,1201.3,-,-,1662.4
서울시,용산구,이촌동,4076329.8,-,-,-,-,-,-,-,644460.7,-,45504.3,-,-,-,244270.4,18599.1,94775.4,3000217.1,2279.7,-,-,-,14296.9,-,-,8559.8,-,-,3366.4
서울시,용산구,이태원동,1429812.1,6367,-,-,-,301455.4,-,-,812807,-,21493.3,942,-,-,211428,-,-,-,4134.5,-,-,-,7428.9,-,-,7827,-,2546,53383
서울시,용산구,한남동,3009997.7,25921,-,-,-,658373,-,-,1356190,-,18556,5603.1,2370,797,411929.5,63131,-,359347,12082.2,1243,-,-,16798.6,-,-,9998.8,-,41048,26609.5
서울시,용산구,동빙고동,404771.1,777,-,-,-,-,-,-,282457.1,-,79,801,-,-,50083,8496,-,53690,-,394,-,-,-,-,-,641,129,-,7224
서울시,용산구,서빙고동,792049.2,-,-,-,-,-,-,-,198439.3,-,41234,-,-,-,85551.8,48455,23288,339605,6363,-,-,-,-,-,-,1220,272.1,-,47621
서울시,용산구,주성동,171453,430,-,-,-,327,-,-,30037,-,288,-,-,-,14460,7616,-,117607,687,-,-,-,-,-,-,-,-,-,1
서울시,용산구,용산동6가,1433026.9,-,-,-,-,-,-,-,420709.6,-,670.1,-,-,-,55168.3,36792.9,7167,537945,1193,-,-,-,-,-,-,1048,-,-,372333
서울시,용산구,보광동,711364.5,2021,-,-,-,2527,-,-,377825.7,-,51652,990,-,-,87002.2,12712,-,161583,9266.6,604,-,-,952,-,-,2281,615,-,1333
서울시,성동구,소계,16820149,163863.3,15023,-,-,257420.2,-,-,6244650.7,479883.5,954165.8,10337.9,3671.3,9330.6,2277890.8,290851.7,357497.3,3745667,81478.8,99218.2,-,259636,722727.6,22067.5,121,75372.2,-,11996,737278.6
서울시,성동구,상왕십리동,151559.9,-,-,-,-,-,-,-,100339.1,-,-,-,-,-,23497,-,-,14754,-,-,-,-,6340.8,-,-,6629,-,-,-
서울시,성동구,하왕십리동,622180.7,13,-,-,-,1937,-,-,441967.8,-,33147,553,-,-,93510.7,37,-,11631.6,1005,-,-,-,32020.6,-,-,6358,-,-,-
서울시,성동구,홍익동,174198.4,-,-,-,-,-,-,-,115594.4,-,-,180.6,-,-,48361.9,-,-,7254.4,513.1,-,-,-,951.7,-,-,762.3,-,-,580
서울시,성동구,도선동,137031.7,-,-,-,-,-,-,-,95737.4,-,-,-,470.6,-,36587.1,-,-,-,-,-,-,-,1315,-,-,2921.6,-,-,-
서울시,성동구,마장동,1070048.3,1779,-,-,-,34032,-,-,588197.5,-,56335.1,-,794.5,902.7,200803.1,23838.8,39824.8,111749,287.1,-,-,-,6538.6,1719,-,468.1,-,-,2779
서울시,성동구,사근동,669510.5,2462,317,-,-,1396,-,-,117442.1,-,345974,2518,-,-,50517,-,14668,130587,74.4,3059,-,-,496,-,-,-,-,-,-
서울시,성동구,행당동,1490270.1,9198,2763,-,-,15846,-,-,773537.8,-,235210,549.8,-,-,237662.4,91384.2,2300,35267,10514,3069,-,7683,51946.2,1325,-,10073,-,-,1941.7
서울시,성동구,응봉동,556443.6,10685,-,-,-,3244,-,-,226601.8,-,28432,-,-,-,64843,44737,-,138523,3582,2939,-,437,28882.2,-,-,1507.6,-,-,2030
서울시,성동구,금호동1가,445004.1,-,-,-,-,10078,-,-,245335.6,-,17474.7,-,-,-,53745.9,-,-,-,1846.5,-,-,63102,51454,-,-,1967.4,-,-,-
서울시,성동구,금호동2가,302169.7,-,-,-,-,76,-,-,169360.9,-,15426.9,-,-,-,50718.5,-,-,-,-,-,-,-,51533.3,-,-,3058.1,-,11996,-
서울시,성동구,금호동3가,327556.2,-,-,-,-,22156,-,-,212525.6,-,-,-,-,-,65763.1,-,-,-,-,-,-,-,24727.7,-,-,2344.4,-,-,39.4
서울시,성동구,금호동4가,799453.2,261,-,-,-,73439.6,-,-,258818.9,-,27863,-,-,-,85747,38422,-,264641,569.6,8588,-,-,27480.4,-,-,3322.7,-,-,10300
서울시,성동구,옥수동,1961540.2,3214,-,-,-,43082.6,-,-,508908.3,-,48555,-,295,-,107519.4,22034,-,1072808,4864,2822,-,-,124620.2,-,-,22544.7,-,-,273
서울시,성동구,성수동1가,2849915.4,95305.3,-,-,-,-,-,-,775733.8,72782.3,78069,2550,1423,-,386877.9,2849,48907,795036,3600.3,61654,-,188414,290387.8,6809,121,2917,-,-,36479
서울시,성동구,성수동2가,2228462.4,5253,-,-,-,883,-,-,892126,386799.2,56255.9,2189,-,8427.9,374299.5,4710.3,53574,386819,16572.1,-,-,-,13858.9,-,-,7381.1,-,-,19313.5
서울시,성동구,송정동,1443952.4,25134,7133,-,-,36676,-,-,289214.8,-,6563,1025,-,-,185436.2,39606,74358.9,433318,13668.5,4853.2,-,-,878.8,-,-,806,-,-,325281
서울시,성동구,용답동,1590852.2,10559,4810,-,-,14574,-,-,433208.9,20302,4860.2,772.5,688.2,-,212001.1,23233.4,123864.6,343279,24382.2,12234,-,-,9295.4,12214.5,-,2311.2,-,-,338262
서울시,광진구,소계,17062820.1,26128,11122,-,-,2472892.4,-,-,7011305.6,91.2,1059170.8,19762.1,19598.6,-,2503319,3220.7,172645,2524435.2,67999.9,37065.4,-,289620.5,724800.9,36739,-,54459.9,-,8367,20076.9
서울시,광진구,중곡동,4092092,23,-,-,-,1552004.7,-,-,1605809.4,-,78364,6265.6,5890.3,-,588788.8,-,36434.6,153245.5,11539.1,1413.6,-,-,26035.6,-,-,24636.7,-,-,1641.1
서울시,광진구,능동,1102862.7,552,-,-,-,30226,-,-,333556.4,-,26859,1661,1868.2,-,127697.3,-,-,1368.5,-,-,-,-,579017.3,-,-,57,-,-,-
서울시,광진구,구의동,2998566.5,1839,43,-,-,385696,-,-,1486192.6,-,39890,5916.5,3498.8,-,511609.5,2645.7,-,252691,20340.9,9824.3,-,180036,58212.5,31977,-,8153.7,-,-,-
서울시,광진구,광장동,2394555.7,16974,11039,-,-,504102.7,-,-,813743.3,-,132800,633,2269,-,244247.9,3,233,450833,26528,7592,-,109584.5,40168.5,4762,-,8014,-,8367,12661.8
서울시,광진구,자양동,4608660.4,3145,-,-,-,23,-,-,1891056.3,91.2,160648.7,3078.9,4255.3,-,694651.7,-,135977.4,1662759.7,5035.2,18235.5,-,-,14060.5,-,-,10145,-,-,5497
서울시,광진구,화양동,1131795.8,2195,-,-,-,840,-,-,449734.8,-,499042.1,1132,1299,-,165754.7,572,-,-,4556.7,-,-,-,5756.5,-,-,636,-,-,277
서울시,광진구,군자동,734287,1400,40,-,-,-,-,-,431212.8,-,121567,1075.1,518,-,170569.1,-,-,3537.5,-,-,-,-,1550,-,-,2817.5,-,-,-
서울시,동대문구,소계,14215912.2,39567,14885,-,-,730118,-,-,7800522.4,3910,1312898,7787.9,18675.9,-,2630698,422794.9,138715.6,573931.8,75920.6,4324,-,724,322016.9,5826,-,88033.4,-,8054,16508.8
서울시,동대문구,신설동,340493,-,-,-,-,-,-,-,218878.8,-,-,133.5,-,-,82069.8,-,2666.4,30362.5,226,-,-,-,5294.2,-,-,861.8,-,-,-
서울시,동대문구,용두동,1272534.7,-,1,-,-,-,-,-,757968.3,-,18206.7,54.2,3175.1,-,316832.7,16545.1,30213.5,82893,6819.6,-,-,-,28155.1,-,-,10091.5,-,-,1578.9
서울시,동대문구,제기동,1183759,-,-,-,-,6772,-,-,718123.1,-,42661.6,542.2,728,-,310483.4,5171.4,-,80458.3,6695.7,-,-,-,6385.3,-,-,5149,-,-,589
서울시,동대문구,전농동,2048213.8,3777,851,-,-,152020,-,-,938476.5,-,380759.6,89,1770,-,344888.2,182791,-,-,11041.6,-,-,-,18505.1,-,-,12220.1,-,114,910.7
서울시,동대문구,답십리동,1659884.5,4631,72,-,-,74981,-,-,1020501.7,-,45181.7,2549,751,-,357122.8,4834.7,1045.7,4099,4196.7,-,-,724,122342.7,5826,-,10586.5,-,343,96
서울시,동대문구,장안동,2335470.4,5771,4577,-,-,235,-,-,1469868,-,82605.4,1617.8,5486.8,-,524567.4,-,48142,136122,1348,-,-,-,50028,-,-,3543.9,-,-,1558.1
서울시,동대문구,청량리동,1197399.2,2698,-,-,-,274139,-,-,621126.9,-,49130,103.1,3036,-,165833.7,8047,-,14801,283,4324,-,-,19642.5,-,-,23478,-,7597,3160
서울시,동대문구,회기동,761678.7,178,-,-,-,49128,-,-,282768.7,-,345148,69,-,-,71041,-,-,-,4207,-,-,-,400,-,-,8739,-,-,-
서울시,동대문구,휘경동,1684177.3,18172,4436,-,-,142585,-,-,859442.7,-,172310,2630.1,3521,-,215464.3,53727,6457,113581,20396,-,-,-,62738.6,-,-,4141.6,-,-,4575
서울시,동대문구,이문동,1732301.6,4340,4948,-,-,30258,-,-,913367.7,3910,176895,-,208,-,242394.7,151678.7,50191,111615,20707,-,-,-,8525.4,-,-,9222,-,-,4041.1
서울시,중랑구,소계,18497134.6,258141,123105,137321.3,-,2514499.6,-,-,7267197,4234.9,660161,96059,17325.5,7142.3,2875387.3,413487.6,170716,908517.9,163785.9,85389,-,3958,1109194.2,-,-,78122.5,-,1412709.2,190680.4
서울시,중랑구,면목동,6028796.5,17890,3454,7310,-,868992.2,-,-,2439681.2,-,177615.3,11207.1,3588.2,465.8,827616.1,-,90953,488227.6,45329.7,73010.3,-,-,370830.3,-,-,18485.5,-,579219.2,4921
서울시,중랑구,상봉동,1528221.3,1176,531,27,-,128783,-,-,827380.8,4234.9,53318.9,1141.7,2887.5,457.5,308934.3,117650.7,-,25772.4,6170.4,-,-,-,31633.3,-,-,9521.9,-,-,8600
서울시,중랑구,중화동,1654928.1,2623,-,-,-,86789,-,-,843073.8,-,62126.1,1924.8,2429.3,-,295584,45591,55073,175755,20134.4,-,-,-,54091.2,-,-,7831.5,-,-,1902
서울시,중랑구,묵동,1901417.9,917,60,1087,-,173170.4,-,-,899993.2,-,102917,1681.4,679.4,-,346410,-,24649,188338,18208.6,-,-,-,122283,-,-,14462.4,-,-,6561.5
서울시,중랑구,망우동,3869313.3,41850,39647,14589.3,-,627243,-,-,1156544.5,-,188606.2,8745.8,4769.9,600,523168,154808.4,41,412,29164.4,4294.4,-,-,225903,-,-,16958.6,-,804067,27900.8
서울시,중랑구,신내동,3514457.5,193685,79413,114308,-,629522,-,-,1100523.5,-,75577.5,71358.2,2971.2,5619,573674.9,95437.5,-,30012.9,44778.4,8084.3,-,3958,304453.4,-,-,10862.6,-,29423,140795.1
서울시,성북구,소계,24577917.6,55375,50575,-,-,8090628.2,-,-,10224041,-,1630387.6,10964.2,24457.4,1443.3,2737989,123410,33371,523908.4,144023.2,1434,-,6102.7,585191.1,-,-,211328.2,3269,53874,66145.3
서울시,성북구,성북동,2632478.8,2045,-,-,-,1187029,-,-,1039909.3,-,95858,83,-,-,185243.5,-,-,39817,3256,899,-,486,57734,-,-,17135,2984,-,-
서울시,성북구,성북동1가,80899.4,-,-,-,-,-,-,-,49716.8,-,-,-,-,-,22038.6,-,-,5547.1,-,-,-,-,-,-,-,3596.9,-,-,-
서울시,성북구,돈암동,1131555.3,456,-,-,-,175118.3,-,-,659522.3,-,65373.1,1982,-,-,100582.1,-,-,19089,2273,-,-,15,90730.5,-,-,16414,-,-,-
서울시,성북구,동소문동1가,64102.8,-,-,-,-,-,-,-,30714.9,-,8765.9,-,-,-,20653.6,-,-,-,-,-,-,-,3968.4,-,-,-,-,-,-
서울시,성북구,동소문동2가,39449.6,-,-,-,-,-,-,-,23652,-,-,66,-,154.3,12213.1,-,-,3364.2,-,-,-,-,-,-,-,-,-,-,-
서울시,성북구,동소문동3가,28054.4,-,-,-,-,-,-,-,11332.3,-,-,-,-,-,12867.9,-,-,3854.2,-,-,-,-,-,-,-,-,-,-,-
서울시,성북구,동소문동4가,94424.2,-,-,-,-,-,-,-,71690,-,2449.2,-,-,-,20285,-,-,-,-,-,-,-,-,-,-,-,-,-,-
서울시,성북구,동소문동5가,42971.8,-,-,-,-,-,-,-,22894.7,-,-,-,-,-,17326.7,-,-,2750.4,-,-,-,-,-,-,-,-,-,-,-
서울시,성북구,동소문동6가,99858.8,-,-,-,-,-,-,-,47391.8,-,20109,-,-,-,26451.7,-,-,-,-,-,-,-,-,-,-,5906.3,-,-,-
서울시,성북구,동소문동7가,69953.6,-,-,-,-,-,-,-,45546.6,-,7756.2,-,-,-,15791.7,-,-,-,-,-,-,-,446.2,-,-,412.9,-,-,-
서울시,성북구,삼선동1가,207792.2,1888,-,-,-,20784.5,-,-,147246.4,-,1438,-,-,-,33229.5,-,-,2378.8,542,-,-,-,-,-,-,-,285,-,-
서울시,성북구,삼선동2가,228192.3,208,-,-,-,29855.5,-,-,127166.6,-,22448.6,-,-,-,39110.2,-,-,625.8,-,-,-,-,4400.6,-,-,111,-,-,4266
서울시,성북구,삼선동3가,170631.3,-,-,-,-,9,-,-,80417.7,-,57215.4,-,-,-,30702.1,-,-,-,-,-,-,-,1244.6,-,-,1042.5,-,-,-
서울시,성북구,삼선동4가,87684.6,-,-,-,-,-,-,-,56165.5,-,-,129.7,-,-,25083.1,-,-,6306.3,-,-,-,-,-,-,-,-,-,-,-
서울시,성북구,삼선동5가,119827.2,-,-,-,-,-,-,-,83372.6,-,-,-,-,-,33645.6,-,-,2809,-,-,-,-,-,-,-,-,-,-,-
서울시,성북구,동선동1가,81966.4,-,-,-,-,-,-,-,54864.8,-,-,961.6,-,-,24611.8,-,-,-,-,-,-,-,-,-,-,1528.2,-,-,-
서울시,성북구,동선동2가,99035.6,-,-,-,-,-,-,-,54221.3,-,13144.6,-,-,-,26680.5,-,-,2710.8,-,-,-,-,-,-,-,2278.4,-,-,-
서울시,성북구,동선동3가,97961,-,-,-,-,-,-,-,62441.4,-,7914.4,110.4,-,-,27494.8,-,-,-,-,-,-,-,-,-,-,-,-,-,-
서울시,성북구,동선동4가,86746.5,-,-,-,-,-,-,-,58255.1,-,5084.6,-,-,-,23406.8,-,-,-,-,-,-,-,-,-,-,-,-,-,-
서울시,성북구,동선동5가,67136.7,-,-,-,-,-,-,-,47197.7,-,-,-,-,-,18223.3,-,-,-,-,-,-,-,-,-,-,1715.7,-,-,-
서울시,성북구,안암동1가,102546.4,-,-,-,-,-,-,-,72217.5,-,1954.6,-,-,-,21159.1,-,-,2284.3,-,-,-,-,3355.7,-,-,1575.2,-,-,-
서울시,성북구,안암동2가,106100.4,-,-,-,-,-,-,-,42928.5,-,32296.6,-,-,-,26391.9,-,-,2968.6,-,-,-,-,1514.8,-,-,-,-,-,-
서울시,성북구,안암동3가,108418.8,-,-,-,-,509.8,-,-,75361.3,-,-,654.6,-,-,23025.4,-,-,5314.7,-,-,-,-,-,-,-,3553,-,-,-
서울시,성북구,안암동4가,58286.5,-,-,-,-,148.2,-,-,41943.8,-,-,-,-,-,12004.7,-,-,3790.8,-,-,-,-,-,-,-,399,-,-,-
서울시,성북구,안암동5가,949625,-,-,-,-,114204,-,-,139136,-,585131,-,231,-,85917,-,-,-,4826,-,-,-,-,-,-,8497,-,-,11683
서울시,성북구,보문동4가,42940.5,-,-,-,-,-,-,-,23303.3,-,-,-,-,-,14576.1,-,-,5061.1,-,-,-,-,-,-,-,-,-,-,-
서울시,성북구,보문동5가,56593.2,-,-,-,-,-,-,-,39226.6,-,-,-,1953.5,-,15413.1,-,-,-,-,-,-,-,-,-,-,-,-,-,-
서울시,성북구,보문동6가,144066.3,7,-,-,-,2661,-,-,106960.9,-,2162.3,-,-,-,26075.2,-,-,-,-,-,-,-,4685.9,-,-,1514,-,-,-
서울시,성북구,보문동7가,71826.9,-,-,-,-,-,-,-,36968.7,-,-,-,470.8,-,26559,-,-,6264.4,-,-,-,-,1564,-,-,-,-,-,-
서울시,성북구,보문동1가,68713.3,-,-,-,-,-,-,-,39142.4,-,-,-,750.4,-,21939.5,-,-,5938.1,-,-,-,-,942.9,-,-,-,-,-,-
서울시,성북구,보문동2가,64235.5,-,-,-,-,-,-,-,40887.4,-,-,-,-,-,20601.8,-,-,-,-,-,-,-,-,-,-,2746.3,-,-,-
서울시,성북구,보문동3가,110943,-,-,-,-,24297,-,-,46771.4,-,14799.6,-,-,-,12186.5,-,-,-,168,-,-,-,6569,-,-,6151.5,-,-,-
서울시,성북구,정릉동,8393990.8,27287,10685,-,-,5561256.1,-,-,1804619.2,-,245827.9,1604,4573,1091,372974.9,-,-,159794.8,47746,-,-,5105,52876.5,-,-,77197.6,-,4687,16665.8
서울시,성북구,길음동,1233516.4,-,-,-,-,7789,-,-,888550.3,-,71839.5,-,731.7,-,183573.3,-,-,-,10632,-,-,414.4,41550.9,-,-,18456.7,-,-,9978.6
서울시,성북구,종암동,1458281.9,2984,3759,-,-,227198.8,-,-,745314.3,-,153719,1798.9,3814,-,210444.5,-,3786,53279,11736.2,-,-,82.3,16884.1,-,-,8314.8,-,-,15167
서울시,성북구,하월곡동,1793548.6,3617,487,-,-,206580,-,-,1052958.9,-,80894.1,331,4036,198,237600.8,3251,14,53955,21752,-,-,-,109237.2,-,-,18445.6,-,-,191
서울시,성북구,상월곡동,523455.6,4818,-,-,-,116547,-,-,201770.4,-,14649,-,1228,-,57163.6,-,-,-,644,-,-,-,126260.6,-,-,-,-,-,375
서울시,성북구,장위동,2026223.1,4491,2560,-,-,30915,-,-,1370416.6,-,65258,2933,5169,-,410714.8,-,2087,37169,25502,231,-,-,53115.2,-,-,10512.6,-,-,5148.9
서울시,성북구,석관동,1733882.9,7574,33084,-,-,385726,-,-,681843.7,-,54299,310,1500,-,244026.2,120159,27484,98836,14946,304,-,-,8110,-,-,3824,-,49187,2670
서울시,강북구,소계,23600408.1,63674,30067,-,-,12515402.3,-,-,6676603.2,4290.4,551611.2,28025.1,16211.4,192,2004414.7,4323,65,333060.9,87261.9,2092,-,22944,923073.8,-,9554,158618,-,73975,94949.2
서울시,강북구,미아동,4373864.4,882,1200,-,-,285209.3,-,-,2691285.4,-,263050.2,13255.4,5124,-,776738.5,-,-,13621,38307.2,-,-,17669,134329,-,-,59370.9,-,60240,13582.5
서울시,강북구,번동,2702535,4969,2,-,-,400502,-,-,1006643.1,4290.4,62615.7,2478.4,7730.1,-,369648,-,65,66962.9,18534.3,-,-,271,739757,-,-,9996.4,-,-,8069.7
서울시,강북구,수유동,7629456.1,20478,7302,-,-,3930470,-,-,2458559.8,-,210876.3,11240.3,3357.3,192,736744.5,-,-,139738,13328.4,-,-,4505,13759.8,-,9554,51652.7,-,7323,10375
서울시,강북구,우이동,8894552.6,37345,21563,-,-,7899221,-,-,520114.9,-,15069,1051,-,-,121283.7,4323,-,112739,17092,2092,-,499,35228,-,-,37598,-,6412,62922
서울시,도봉구,소계,20651010,230101,93345,25546,-,9573567.2,-,-,6179816.6,16416.9,742021.7,89888.3,18399.9,5115,2086231.1,178087.9,15287.7,473462.8,179206,21,-,403.1,539458.4,65575,1736,56377.7,-,4224,76721.7
서울시,도봉구,쌍문동,2790578.3,31453,9404,-,-,304181.2,-,-,1484850.4,-,318285.7,3441.2,4273.4,59,446737.6,-,-,73084.8,11246.6,-,-,403.1,79865.3,9320,-,10330,-,440,3203
서울시,도봉구,방학동,4050221.5,56993,19184,1818,-,1657049,-,-,1407034.5,-,145724.1,4904.1,3251.9,-,484437.6,16387.6,6474,64937.8,64132,-,-,-,92638.3,6180,-,10294.9,-,496,8284.7
서울시,도봉구,창동,4258940.8,6448,5373,17157,-,453960,-,-,2163933.7,10605.9,193466.3,38255.3,4359.7,5056,718729.7,97382.4,8278.5,201358.2,12626.3,21,-,-,253669.5,50075,-,17774.3,-,2,409
서울시,도봉구,도봉동,9551269.4,135207,59384,6571,-,7158377,-,-,1123998,5811,84545.6,43287.7,6514.9,-,436326.2,64317.9,535.2,134082,91201.1,-,-,-,113285.3,-,1736,17978.5,-,3286,64825
서울시,노원구,소계,35439122,183062,157495,17574.1,-,15383575.6,-,-,9363714.3,3087.7,2489929.8,26973.5,24529.2,5414,2888786.2,648048.9,126642,1094076.4,102606.1,39168,-,92719.6,782670.7,649289,-,139339.2,-,17393,1203027.7
서울시,노원구,월계동,4278336.7,24373,29502,-,-,1338304,-,-,1360554.8,3087.7,344855.1,3130.1,3839.4,3187,356294.8,344151.8,9748,263105.7,12820,-,-,37866,86358.3,5215,-,16431.3,-,-,35512.7
서울시,노원구,공릉동,8237775.2,41494,91360,-,-,2552933,-,-,1626353.6,-,1024295.2,2717.2,9695,-,581480.5,108774.9,50248.1,193928.4,33982.3,39160,-,54146,108955.4,640558.3,-,11666.5,-,17393,1048633.8
서울시,노원구,하계동,2027197.2,10063,6094,-,-,366902,-,-,820121.3,-,385516.1,894,1389,-,277905.9,12340,1369,46856.6,2116,-,-,-,83491.9,-,-,10542,-,-,1596.4
서울시,노원구,상계동,15678403.5,69446,25832,9989.9,-,8770402.6,-,-,3849815.7,-,419239.8,9869.9,6254,2227,1191150.6,182782.2,65041.9,519873.1,50102.8,8,-,547.6,318835.2,3515.7,-,71724.1,-,-,111745.4
서울시,노원구,중계동,5217409.4,37686,4707,7584.2,-,2355034,-,-,1706868.9,-,316023.6,10362.3,3351.8,-,481954.4,-,235,70312.6,3585,-,-,160,185029.9,-,-,28975.3,-,-,5539.4
서울시,은평구,소계,29710154.3,340748.3,150327.5,-,-,13001321.9,-,-,10005673.5,2568,751206.1,98222.7,20120.2,-,2984122.7,170559.8,737,520940.4,247347.1,15428.1,-,42646.8,974705.6,5104,7793,137212.5,6989.8,22593,203786.3
서울시,은평구,수색동,1291277.2,8100,9888,-,-,403896,-,-,444960.2,2568,31152,46398.6,1715,-,147453.7,162024,-,1803,10498,-,-,744,4527.5,-,-,6717.2,-,-,8832
서울시,은평구,녹번동,1790907.4,2206,93,-,-,681914,-,-,800167.1,-,28475.1,231,2598,-,189250.7,-,-,24453.1,9498,-,-,161.5,39561.6,-,-,12064.3,-,-,234
서울시,은평구,불광동,4513177.2,36672,9643,-,-,2514737.9,-,-,1344194.8,-,122263,5393,1494,-,316181.2,-,-,38877,36533,-,-,-,59258.6,5104,-,19879.7,-,-,2946
서울시,은평구,갈현동,1936488,1220.1,-,-,-,470890,-,-,1028794.2,-,90651.1,2370.2,2423,-,291303.7,-,-,6735,19056.8,-,-,4883.1,9576.8,-,-,7408,-,-,1176
서울시,은평구,구산동,1381546,4100,486.5,-,-,541025,-,-,559060,-,91760.5,230.7,-,-,141937.6,-,-,-,24666.4,-,-,-,14006,-,-,4233.3,-,-,40
서울시,은평구,대조동,848921,535,19,-,-,1084,-,-,588424.5,-,52708.7,182,389.8,-,184009.7,-,-,43,9566,-,-,-,4562.1,-,-,7271.2,-,-,126
서울시,은평구,응암동,2612392,2238,160,-,-,393243.6,-,-,1514335.8,-,81258.3,5244.3,1371.7,-,458962.6,-,737,78751.4,11232.3,-,-,152.6,47859.7,-,-,16844.7,-,-,-
서울시,은평구,역촌동,1158322.4,186,-,-,-,67147.1,-,-,766928.9,-,13228.1,1967.4,-,-,230219.7,-,-,31076.3,30244.8,-,-,-,5350.9,-,-,11973.2,-,-,-
서울시,은평구,신사동,1839814.4,1610.2,165,-,-,584759.3,-,-,828451.5,-,63413,995.8,2629.2,-,270509.9,-,-,-,13484.8,-,-,-,33291.1,-,-,3658.6,-,16883,19963
서울시,은평구,증산동,807403.8,1838,-,-,-,159262,-,-,396768,-,38780.1,-,2757.9,-,162248.1,-,-,-,3828.5,2127.5,-,28450,6681.9,-,-,4661.8,-,-,-
서울시,은평구,진관동,11529904.9,282043,129873,-,-,7183363,-,-,1733588.5,-,137516.2,35209.7,4741.6,-,592045.8,8535.8,-,339201.6,78738.5,13300.6,-,8255.6,750029.4,-,7793,42500.5,6989.8,5710,170469.3
서울시,서대문구,소계,17626320,72269,4370,-,-,4443781.4,-,-,7154616.5,-,2178359.4,21304,10389.1,-,2167086.3,211655.2,-,438714,67608.5,-,-,22777,677792.4,-,-,80884.3,119,56613,17980.9
서울시,서대문구,충정로2가,127237.5,-,-,-,-,-,-,-,65963.5,-,26910.2,751.2,-,-,33474.8,-,-,-,-,-,-,-,-,-,-,-,-,-,137.8
서울시,서대문구,충정로3가,256707,-,-,-,-,2895.7,-,-,175093.1,-,4297.4,-,-,-,54850.5,13396.4,-,-,998.4,-,-,-,731.2,-,-,4020.3,-,-,424
서울시,서대문구,합동,43498.9,-,-,-,-,-,-,-,32616.1,-,-,-,-,-,7227,1112.8,-,465.8,612.1,-,-,-,381.3,-,-,1083.8,-,-,-
서울시,서대문구,미근동,77111.4,-,-,-,-,-,-,-,47985.5,-,7175.3,549.9,-,-,16758.5,2689.5,-,1849.2,103.5,-,-,-,-,-,-,-,-,-,-
서울시,서대문구,냉천동,118251.3,-,-,-,-,-,-,-,74392.9,-,20546.5,-,-,-,18979.6,-,-,-,490.6,-,-,-,2198.1,-,-,1643.6,-,-,-
서울시,서대문구,천연동,148902.1,-,-,-,-,30648,-,-,85172.8,-,12349.7,-,-,-,17897,-,-,-,340.4,-,-,-,-,-,-,2320.9,-,-,173.3
서울시,서대문구,옥천동,54177.2,-,-,-,-,11066,-,-,31614.4,-,-,-,-,-,6981.5,-,-,-,531.9,-,-,-,3838.7,-,-,144.7,-,-,-
서울시,서대문구,영천동,135785.9,-,-,-,-,47778.3,-,-,49598.8,-,-,-,-,-,28800.6,-,-,-,3837.5,-,-,-,5770.7,-,-,-,-,-,-
서울시,서대문구,현저동,518745.5,73,-,-,-,177582.9,-,-,154289.7,-,9185.7,-,-,-,50725.2,-,-,-,-,-,-,-,126889,-,-,-,-,-,-
서울시,서대문구,북아현동,1076028.1,-,-,-,-,12916,-,-,571899.2,-,269152.6,1680.9,-,-,152588.9,18939.6,-,-,-,-,-,-,37272.7,-,-,10193.2,-,-,1385
서울시,서대문구,홍제동,3119854.1,6287,-,-,-,1381459.5,-,-,1135829.6,-,64694.5,1995,1513,-,262125.2,-,-,82759.8,22852.8,-,-,-,122538.4,-,-,10252,119,25399,2029.3
서울시,서대문구,대현동,467255.2,-,-,-,-,542,-,-,141690.6,-,232145.9,-,-,-,64381.4,21135.2,-,-,1304,-,-,-,4243.5,-,-,1812.6,-,-,-
서울시,서대문구,대신동,267478.5,-,-,-,-,-,-,-,54364.3,-,152282.2,105.4,-,-,60726.6,-,-,-,-,-,-,-,-,-,-,-,-,-,-
서울시,서대문구,신촌동,861196,468,-,-,-,21934,-,-,24774,-,746255,-,-,-,38015,23108,-,484,1063,-,-,-,5095,-,-,-,-,-,-
서울시,서대문구,봉원동,427238,32687,2611,-,-,345730,-,-,29836,-,-,-,-,-,2947,-,-,9233,-,-,-,-,713,-,-,3481,-,-,-
서울시,서대문구,창천동,607265.2,238,-,-,-,2308,-,-,344463.9,-,41094.3,1090.2,567.6,-,150049.7,40062,-,-,4189.4,-,-,-,9276,-,-,13741.1,-,119,66
서울시,서대문구,연희동,3013286.1,17423,93,-,-,789952,-,-,1236303.8,-,336526.8,4740.4,5049.9,-,382395.4,28435.5,-,109975.8,8856.5,-,-,255,53415.3,-,-,5809.7,-,31095,2959
서울시,서대문구,홍은동,3645684.1,14763,1030,-,-,1618121,-,-,1212749.4,-,116418.7,5626,2783.6,-,281553.9,-,-,104802.5,13321.2,-,-,22335,231758.8,-,-,12059,-,-,8362
서울시,서대문구,북가좌동,1401706.4,76,-,-,-,673,-,-,899084.6,-,38350.2,1950.5,61,-,304361.6,33372.2,-,86377.6,3316.2,-,-,-,29230.1,-,-,4853.4,-,-,-
서울시,서대문구,남가좌동,1258911.5,254,636,-,-,175,-,-,786894.3,-,100974.4,2814.5,414,-,232246.9,29404,-,42766.3,5791,-,-,187,44440.6,-,-,9469,-,-,2444.5
서울시,마포구,소계,23853965.7,274357.1,101962,-,-,315773.5,-,-,8549449,17024.7,710302.4,40077,10597.4,214,3528946.6,564255.9,209271.4,5765469.2,87017.4,94720.7,-,10150,2825973.6,-,-,86309.2,263,10143,651688.6
서울시,마포구,아현동,787920.9,628,-,-,-,-,-,-,495033.1,-,65000.5,78.7,-,-,180634.6,-,-,-,3361.4,-,-,9449.5,24634.1,-,-,8889,-,202,10
서울시,마포구,공덕동,765919.4,78,-,-,-,728,-,-,539929.6,-,14102.1,736,648,-,182652.6,-,-,-,7644.9,-,-,-,11697.3,-,-,7435.9,-,-,267
서울시,마포구,신공덕동,240817,-,-,-,-,-,-,-,185126.3,-,-,-,-,-,51537.6,-,-,-,-,-,-,-,2766.3,-,-,339.3,-,3,1044.5
서울시,마포구,도화동,585081.3,57.1,476,-,-,40,-,-,412596.4,-,15722.8,824.5,780.8,-,118942,25121.3,-,-,3410.2,-,-,176.5,6206.5,-,-,727.2,-,-,-
서울시,마포구,용강동,300562,-,-,-,-,-,-,-,162053.6,-,-,-,235,-,60997.2,-,7556,62427,30,-,-,-,5288.2,-,-,1972,-,-,3
서울시,마포구,토정동,117933.3,-,-,-,-,-,-,-,16090.3,-,-,-,-,-,10904,-,7874,83065,-,-,-,-,-,-,-,-,-,-,-
서울시,마포구,마포동,224452.7,-,-,-,-,-,-,-,80812.9,-,-,358.3,-,-,65191.8,-,5569.5,34226,-,30601.6,-,-,2034.5,-,-,5658.1,-,-,-
서울시,마포구,대흥동,605295.1,1069,-,-,-,41005.5,-,-,332289.6,-,80266,-,1083,-,116631.4,12685,-,-,6673,-,-,-,6920.2,-,-,2652.4,-,-,4020
서울시,마포구,염리동,542553.2,67,-,-,-,-,-,-,329556.5,-,84166.3,1480,1169,-,91825.4,17740.6,-,-,3313,-,-,-,7909.9,-,-,5325.5,-,-,-
서울시,마포구,노고산동,307482.8,-,-,-,-,13949,-,-,162379,-,15666.8,-,-,-,92244,14538.2,-,-,1695.3,-,-,-,2365.4,-,-,4645.1,-,-,-
서울시,마포구,신수동,594834.5,987,921,-,-,17887,-,-,325630.3,-,94801,-,-,-,114071.4,21621,-,4713,3792,-,-,-,5488.8,-,-,4892,-,30,-
서울시,마포구,현석동,189516.1,284,-,-,-,-,-,-,76545.3,-,-,-,-,-,25177.1,-,2837,76493,845,-,-,-,7334.7,-,-,-,-,-,-
서울시,마포구,구수동,50065.7,70,-,-,-,47,-,-,33673.1,-,782,-,-,-,10855.6,-,-,4137,-,-,-,-,-,-,-,-,-,-,501
서울시,마포구,창전동,475605.4,303,-,-,-,58845,-,-,280826.8,-,5066,53,1359,-,94651.4,6744,76,5327,295,-,-,524,14467.9,-,-,3272,263,-,3532.3
서울시,마포구,상수동,567266.4,1783,2281,-,-,8838,-,-,212777.7,-,106848,184,-,-,87905,-,250,134026,3244,406,-,-,7638.7,-,-,662,-,-,423
서울시,마포구,하중동,94279.6,56,-,-,-,-,-,-,33966.9,-,-,-,-,-,13079.7,-,211,46879,87,-,-,-,-,-,-,-,-,-,-
서울시,마포구,신정동,114319,17,-,-,-,-,-,-,28078.6,-,-,-,-,-,25254.8,-,-,58355,-,-,-,-,236.6,-,-,-,-,-,2377
서울시,마포구,당인동,321574,261,56,-,-,-,-,-,96377,-,-,-,-,-,10682,3515,-,208793,-,-,-,-,301,-,-,-,-,13,1576
서울시,마포구,서교동,1182109,20,189,-,-,-,-,-,821032.6,-,14779.5,660.6,-,-,315851.8,92,-,-,10053.1,-,-,-,12025.6,-,-,7404.8,-,-,-
서울시,마포구,동교동,413978.6,-,-,-,-,174,-,-,251142.5,-,-,481.9,-,-,128264.6,24980.6,-,-,4010.2,-,-,-,4416.9,-,-,-,-,-,507.9
서울시,마포구,합정동,1722811.5,19983,454,-,-,5663,-,-,492319.5,-,28599,-,480.6,-,290379.5,-,25593,803432,1777.4,517,-,-,2591.8,-,-,16538.7,-,9895,24588
서울시,마포구,망원동,1745643.7,7979,-,-,-,1497,-,-,693020.3,-,13433.3,4052.2,552.4,-,239605.7,-,49491.9,628464,24563.3,53908.7,-,-,6321.4,-,-,2010.6,-,-,20743.9
서울시,마포구,연남동,644280.3,77,1557,-,-,-,-,-,444481.2,-,-,588.4,-,-,142520.5,48885.3,-,3193,688.3,-,-,-,1986.4,-,-,303.2,-,-,-
서울시,마포구,성산동,2563067.3,50443,78749,-,-,157767,-,-,1024220.4,-,59317.9,1925,2675.1,214,464800.3,8660,7719,277448,5019.3,2785,-,-,377616.4,-,-,3539.4,-,-,40168.5
서울시,마포구,중동,333932.8,430,151,-,-,1835,-,-,143676.4,-,34530,-,-,-,56499.4,85200,-,8672,42,-,-,-,2897,-,-,-,-,-,-
서울시,마포구,상암동,8362664.1,189765,17128,-,-,7498,-,-,875813.1,17024.7,77221.2,28654.4,1614.5,-,537787.2,294472.9,102094,3325819.2,6473,6502.4,-,-,2312828,-,-,10042,-,-,551926.5
서울시,양천구,소계,17406039.7,100625,11998,-,-,1063919.8,-,-,8672622.2,8899.2,806457.3,180306.9,38068.5,-,3093147.3,235510.5,210259.9,446846,198768.3,149046.3,-,36050,1750825.1,146699.9,-,80518.8,-,974,174496.7
서울시,양천구,신정동,7132710.5,14292,5350,-,-,515287.1,-,-,3292109.1,5596.4,315563,161128.7,19905.7,-,1223317.9,235510.5,68242.7,145120,107409.3,42255,-,8332,855804.8,-,-,33858.4,-,-,83627.9
서울시,양천구,목동,5337570.1,830,2330,-,-,1543.5,-,-,2967549.8,3302.8,219226.9,9083,5301.4,-,892163,-,142017.2,301726,42570.4,106791.3,-,26784,421679.2,146699.9,-,20473,-,974,26524.7
서울시,양천구,신월동,4935759.1,85503,4318,-,-,547089.2,-,-,2412963.3,-,271667.4,10095.2,12861.4,-,977666.4,-,-,-,48788.6,-,-,934,473341.1,-,-,26187.4,-,-,64344.1
서울시,강서구,소계,41451953.9,1395238.9,2855270.6,52155,-,2744631.2,-,-,11941719.5,171313.7,977738.2,142777.3,57594.7,15709.9,4400585.3,415652.9,608379.7,3652123,551091.2,189911.3,-,1420.9,1817184.5,37300.7,-,98445.3,3719,12608,9309383.1
서울시,강서구,염창동,1739920.7,501,-,-,-,96343,-,-,678628.7,8097,55224.3,-,1778.3,262.8,205358.3,-,150032.9,507006,19129,2607,-,-,4289.8,-,-,2318.3,-,-,8344.3
서울시,강서구,등촌동,2622573.5,91,103,-,-,324216.5,-,-,1470772.1,6065,228420.1,1679.1,3621.8,-,489905.1,25.9,-,-,6626.8,-,-,17,64357.5,6011.6,-,12518.3,-,-,8142.7
서울시,강서구,화곡동,6334051,4196.5,1318,-,-,685137,-,-,3906314.8,-,126415,16495.1,7810.7,-,1157185.2,-,-,-,36888,-,-,409.9,327998.3,26303.6,-,35379.9,-,-,2199
서울시,강서구,가양동,2462987.1,5889,281,-,-,2956,-,-,836956.9,151734.7,125755.6,6728.2,5620,236,295031.8,99,207130.8,555837,5012.9,30304.3,-,994,201872.4,-,-,9966.1,2020,-,18561.4
서울시,강서구,마곡동,5372402.4,70402,583549,-,-,28667,-,-,1836094.8,1452,105061.4,26365,7200.7,2218,682780.3,7367,119032,584452,19150,120375,-,-,684261.4,-,-,3702.4,-,36,490236.4
서울시,강서구,내발산동,1649584.2,3348,384,-,-,84797.7,-,-,809332.2,-,134111.1,4406.2,3577.2,-,271528.3,-,-,278,5190,-,-,-,311534.8,-,-,7269.6,-,-,13827.1
서울시,강서구,외발산동,1331479,63589.4,66715.6,-,-,181158,-,-,335571,3965,-,2103,6133,7280.1,122370.3,-,149,-,6296.8,1970,-,-,18168,-,-,-,-,-,516009.8
서울시,강서구,공항동,2905994.7,58784,25625,-,-,38579,-,-,448211.7,-,51523,420,545,-,267431.5,-,-,-,2175.5,1184,-,-,21031.5,-,-,9135.8,-,3,1981345.7
서울시,강서구,방화동,4738255.7,59094,21399,-,-,478002,-,-,1366688.3,-,151227.7,13833.3,3280,175,549295.2,11055,66263,822199,28540.2,17653,-,-,181173.8,4985.5,-,14416.9,-,622,948352.8
서울시,강서구,개화동,4785635.1,479025,341708,6056,-,797686,-,-,144862.5,-,-,63738.4,9024,946,258786,387043,65712,1165875,148887,15706,-,-,2497,-,-,3738,1699,377,892269.2
서울시,강서구,과해동,2793612.9,141360,615294,12000,-,-,-,-,638,-,-,-,-,-,29309,10063,43,-,69215,-,-,-,-,-,-,-,-,-,1915690.9
서울시,강서구,오곡동,3727222.3,340865,1065240,34099,-,8871,-,-,26766,-,-,-,9004,245,47003,-,17,15749,176604,112,-,-,-,-,-,-,-,8037,1994610.3
서울시,강서구,오쇠동,988235.3,168094,133654,-,-,18218,-,-,80882.5,-,-,7009,-,4347,24601.3,-,-,727,27376,-,-,-,-,-,-,-,-,3533,519793.5
서울시,구로구,소계,20122908.3,340038,236638,-,-,2875422.4,-,-,8538943.8,553398.3,839611.3,37258.9,24720.3,4178,2911597.8,931806.8,65791.1,968114.5,276252.3,100582,-,27009,1016505.6,1125,-,109541.5,-,8458,255915.7
서울시,구로구,신도림동,1465044.2,9277,3379,-,-,-,-,-,635270.3,26267,47724,-,1108,103,223156.9,60757,31236,362907,12375,20713,-,-,11441,1125,-,1316,-,-,16889
서울시,구로구,구로동,5286810.6,18915,6834,-,-,3729,-,-,2509270.4,376213,220100.6,16545.8,10256.8,-,1051423.8,423414,31090.1,461896.8,18946.4,45636,-,487,40979.2,-,-,23763.7,-,60,27249
서울시,구로구,가리봉동,408192.4,727,578,-,-,1565,-,-,288251.4,-,17272,-,-,-,93964,590,-,-,18,-,-,-,244,-,-,1015,-,4,3964
서울시,구로구,고척동,2178423.3,9541,4855,-,-,70305,-,-,1143777.3,35942,125785,3056,347,673,342792.2,-,29,51651,6653,2112,-,19532,263424.8,-,-,8826,-,99,89023
서울시,구로구,개봉동,2926127,13606,10889,-,-,327676.4,-,-,1448321.2,228,97441.8,5200.1,2895.8,-,480974.9,94815.8,74,67118.1,66445.2,22610,-,1614,225901.2,-,-,4878.9,-,-,55436.6
서울시,구로구,오류동,2241829.4,17798,46735,-,-,567015,-,-,962274.4,9526,56049,1807,3948,-,252904.5,186380,-,-,59915,-,-,2774,33466,-,-,18290,-,-,22947.5
서울시,구로구,궁동,1823064.4,116768,51467,-,-,859280,-,-,338213,-,160164,-,2514.4,1425,150652.2,-,506,-,50580,9441,-,486,36542,-,-,41959.2,-,-,3066.6
서울시,구로구,온수동,840469.8,22705,34555,-,-,295516,-,-,245505.4,76072,20255,200,1031,-,67075.2,25894,-,-,18477,-,-,873,16203.2,-,-,3479,-,-,12629
서울시,구로구,천왕동,1514953.6,38905,16059,-,-,275530,-,-,586249.9,586,32667.2,7980.7,-,1977,147583.5,110134,420,23801,12253,-,-,-,234761.6,-,-,3903.7,-,-,22142
서울시,구로구,항동,1437993.6,91796,61287,-,-,474806,-,-,381810.5,28564.3,62152.7,2469.3,2619.3,-,101070.6,29822,2436,740.6,30589.7,70,-,1243,153542.6,-,-,2110,-,8295,2569
서울시,금천구,소계,13020527.6,27905,20545,-,-,2714156.8,-,-,5068161.6,1263621.8,366674.6,18107.4,14766.8,16326.2,2034486.2,213934.7,116769,620485,43871.6,44541.3,-,53818,240537.3,21949,-,29973.4,-,559,89337.9
서울시,금천구,가산동,2516887.7,1034,10143,-,-,183,-,-,524886.2,1146958,-,1660.8,616,9917,426927.1,66944,40869,233128,17210,14228,-,-,3650.6,17043,-,-,-,-,1490
서울시,금천구,독산동,4208071.9,1301,2406,-,-,200077.1,-,-,2254772.5,49700.6,202842.9,7203,6237.7,992,859568.1,43999.5,44056,213214,7304.7,18615,-,49255,155857.1,4906,-,8836.5,-,-,76927.2
서울시,금천구,시흥동,6295568,25570,7996,-,-,2513896.7,-,-,2288502.9,66963.2,163831.7,9243.6,7913.1,5417.2,747991,102991.2,31844,174143,19356.9,11698.3,-,4563,81029.6,-,-,21136.9,-,559,10920.7
서울시,영등포구,소계,24551194.1,29521,37115,-,-,61577.6,-,-,9509101.1,294871.6,557447.3,43702.2,11495.8,558.4,4261650,255409,313503.3,8077843.2,25248.5,109721.9,-,92857.3,668349.1,16498,-,148255.5,-,131,36337.3
서울시,영등포구,영등포동,588275.1,193,-,-,-,321,-,-,240422,-,20629.2,2205,-,-,84875.6,157929,-,-,-,-,-,-,80717.1,-,-,983.2,-,-,-
서울시,영등포구,영등포동1가,79073.1,-,-,-,-,-,-,-,50704.2,-,-,-,-,-,28368.9,-,-,-,-,-,-,-,-,-,-,-,-,-,-
서울시,영등포구,영등포동2가,310413.6,-,-,-,-,-,-,-,139773.5,-,-,1922.8,-,-,140169.3,-,989,19691,17,-,-,-,6456,-,-,1395,-,-,-
서울시,영등포구,영등포동3가,117863.8,-,-,-,-,-,-,-,74440.2,-,-,-,-,-,43423.6,-,-,-,-,-,-,-,-,-,-,-,-,-,-
서울시,영등포구,영등포동4가,194243.8,-,-,-,-,-,-,-,125507.2,248,-,5725.5,-,-,56043.5,3117,-,-,-,-,-,-,-,-,-,-,-,-,3602.6
서울시,영등포구,영등포동5가,94381.6,-,-,-,-,-,-,-,66776,-,-,102.1,-,-,27503.5,-,-,-,-,-,-,-,-,-,-,-,-,-,-
서울시,영등포구,영등포동6가,94821,-,-,-,-,-,-,-,58062,6317.4,-,928.7,-,-,28263.9,-,-,-,-,-,-,-,-,-,-,1249,-,-,-
서울시,영등포구,영등포동7가,287344.7,-,-,-,-,-,-,-,167585.9,1974.9,15479,862,404,-,85066.5,-,43,9972,-,-,-,-,2959.4,-,-,2998,-,-,-
서울시,영등포구,영등포동8가,163186.7,-,-,-,-,-,-,-,97213.2,11599.2,-,-,-,-,47346.2,182.8,-,-,-,-,-,410.3,1797.1,-,-,4637.9,-,-,-
서울시,영등포구,여의도동,8433268.9,-,-,-,-,-,-,-,1707862.9,-,84870,-,715,-,883028,-,161591,5324899,-,-,-,-,252517,-,-,17064,-,-,722
서울시,영등포구,당산동1가,218004.5,-,-,-,-,-,-,-,136547.2,13259.6,-,-,-,-,64843.9,-,-,-,-,-,-,-,477.5,-,-,2876.3,-,-,-
서울시,영등포구,당산동2가,161698.3,-,-,-,-,-,-,-,108990.8,14955.7,-,-,-,-,37751.8,-,-,-,-,-,-,-,-,-,-,-,-,-,-
서울시,영등포구,당산동3가,363333.2,-,-,-,-,-,-,-,255626.5,4333.8,-,12467.4,-,558.4,75901.1,-,-,-,-,-,-,-,11124.7,-,-,3321.3,-,-,-
서울시,영등포구,당산동4가,295242.7,-,-,-,-,-,-,-,203460.4,21683.1,-,-,-,-,66710.7,-,-,-,-,-,-,-,2771.3,-,-,617.2,-,-,-
서울시,영등포구,당산동5가,288791.6,-,-,-,-,-,-,-,196992.2,12910.1,22630.6,-,-,-,50580.3,-,-,-,-,-,-,-,5678.4,-,-,-,-,-,-
서울시,영등포구,당산동6가,167282.1,215,-,-,-,-,-,-,109601.8,1502.8,-,247.3,-,-,51370.4,-,980,985,-,-,-,-,1642.5,-,-,234.2,-,-,503.1
서울시,영등포구,당산동,827361.6,146,-,-,-,-,-,-,104724.1,-,28617,780,780,-,176753.5,3934,20777,453055,-,-,-,-,37519,-,-,276,-,-,-
서울시,영등포구,도림동,588744.4,1755,66,-,-,317,-,-,347358.8,718,-,1009,-,-,114706.9,30776,6287,39396,1115,19439.9,-,10,7345.3,-,-,18027.5,-,-,417
서울시,영등포구,문래동1가,163595.5,-,-,-,-,-,-,-,73511,13069,15677.3,-,-,-,55009,151.2,816,5362,-,-,-,-,-,-,-,-,-,-,-
서울시,영등포구,문래동2가,147181.7,-,-,-,-,-,-,-,79465.4,4408.2,-,-,732.2,-,38292.9,-,6695,15565,2023,-,-,-,-,-,-,-,-,-,-
서울시,영등포구,문래동3가,670315,-,-,-,-,-,-,-,423492.7,46715,18702.7,-,472.7,-,152162.7,-,-,-,-,-,-,-,28769.2,-,-,-,-,-,-
서울시,영등포구,문래동4가,175265.7,-,-,-,-,-,-,-,86795.5,2008,-,-,-,-,51129.4,-,9870,21419,-,-,-,-,2202.4,-,-,1841.4,-,-,-
서울시,영등포구,문래동5가,305331.1,-,-,-,-,-,-,-,83560.3,25728.4,-,1761.7,-,-,40215.7,-,24833,127727,-,-,-,-,1505,-,-,-,-,-,-
서울시,영등포구,문래동6가,323410.3,-,-,-,-,-,-,-,141170.5,28356.8,17276.6,-,-,-,54740.7,-,1739,78172,-,-,-,-,1954.7,-,-,-,-,-,-
서울시,영등포구,양평동1가,232139.4,-,-,-,-,-,-,-,148541.6,4488.7,-,-,-,-,76830.8,-,-,-,-,-,-,-,1467.4,-,-,810.9,-,-,-
서울시,영등포구,양평동2가,190505.6,-,-,-,-,-,-,-,124391.1,4101.3,16858.8,-,-,-,44202.1,-,-,-,-,-,-,-,158.4,-,-,-,-,-,793.9
서울시,영등포구,양평동3가,473556.2,-,-,-,-,-,-,-,219784.3,18581,35131.8,-,-,-,113583.7,-,-,-,-,57134.5,-,-,23945.1,-,-,3468.5,-,-,1927.3
서울시,영등포구,양평동4가,373866.9,-,-,-,-,-,-,-,185829.1,30304.9,37217,1804.6,1255.6,-,114424.5,-,-,-,-,-,-,-,1995.2,-,-,1036,-,-,-
서울시,영등포구,양평동5가,221560.5,-,-,-,-,-,-,-,138494.9,23472,-,-,783.5,-,58553.7,-,-,-,-,-,-,-,-,-,-,-,-,-,256.4
서울시,영등포구,양평동6가,124631.4,-,-,-,-,-,-,-,84562.2,3787.7,-,-,-,-,36281.5,-,-,-,-,-,-,-,-,-,-,-,-,-,-
서울시,영등포구,양화동,1702807,12258,-,-,-,41167,-,-,43344,-,-,-,-,-,110628,-,6651,1322875,-,-,-,87339,77572,-,-,-,-,-,973
서울시,영등포구,신길동,3603432,8391,15175,-,-,19772.6,-,-,2255347.9,-,159511.2,7015.3,4912.4,-,819337.8,59319,33,52088.6,11198.5,7947,-,5098,90629.4,-,-,71140.3,-,116,16399
서울시,영등포구,대림동,1997064.1,6408,21874,-,-,-,-,-,1229161.7,348,84846.1,6870.8,1440.4,-,396890.9,-,23190.3,120774.6,9419,25200.5,-,-,27145,16498,-,16278.8,-,15,10703
서울시,영등포구,양평동,573201,155,-,-,-,-,-,-,-,-,-,-,-,-,36659,-,49009,485862,1476,-,-,-,-,-,-,-,-,-,40
서울시,동작구,소계,16356862.9,29147,28905,-,-,2378943.7,-,-,7836868.8,782.1,977981.7,14595.6,9457.6,-,2366889.5,144739,9368.5,636942.7,69483.3,713,-,140085.2,1008898.1,2355,-,122927,-,513989,63791.1
서울시,동작구,노량진동,1467496.8,769,274,-,-,3179,-,-,898023.8,-,11274,450,-,-,290375.1,112144,-,41650,3392,-,-,31917.2,47972.8,-,-,18569.9,-,-,7506
서울시,동작구,상도동,3553115.5,6930,2077,-,-,433032.9,-,-,2139706.9,782.1,233200.7,6881.7,1724.7,-,469579.2,-,-,-,30750,-,-,717,196061.4,-,-,24828.5,-,-,6843.4
서울시,동작구,상도1동,314724.9,-,-,-,-,-,-,-,186768.2,-,15746.4,-,-,-,102263,-,-,-,-,-,-,-,4713,-,-,5234.3,-,-,-
서울시,동작구,본동,757448.8,1344,-,-,-,39222,-,-,253487,-,18743.6,-,-,-,159704.1,23,-,141526,897,-,-,104647,33072.2,-,-,3375,-,-,1407.9
서울시,동작구,흑석동,1666873.3,1782,36,-,-,177687.1,-,-,774816.4,-,225401.1,1487,1140,-,214774.6,90,2014.2,141996,9601.3,-,-,-,81476.2,2355,-,30767.8,-,-,1448.6
서울시,동작구,동작동,2128488.7,9675,7978,-,-,959383,-,-,138720.5,-,13689.9,-,-,-,212583.6,4370,7140,176126,10320,713,-,-,45023.7,-,-,2212,-,513989,26565
서울시,동작구,사당동,3282228.6,4160,16149,-,-,755189.7,-,-,1732647,-,160978.4,2593.3,1862.9,-,482551,-,-,31918,2245,-,-,-,66217.5,-,-,21478.7,-,-,4238.1
서울시,동작구,대방동,1530403.1,782,478,-,-,1734,-,-,843338.3,-,235497.6,1204.9,2247.4,-,244809.9,28112,197.3,25158,9441,-,-,2804,114569.9,-,-,5355.8,-,-,14673
서울시,동작구,신대방동,1656083.2,3705,1913,-,-,9516,-,-,869360.7,-,63450,1978.7,2482.6,-,190249,-,17,78568.7,2837,-,-,-,419791.4,-,-,11105,-,-,1109.1
서울시,관악구,소계,29568368.9,123782.5,55333,-,-,16042497.9,-,-,8213776.9,-,960701.7,17841.1,12393.9,-,2610979.8,-,15639.7,545163.2,112611.7,-,-,37545,638860.6,10486.3,-,78866.9,-,26,91862.7
서울시,관악구,봉천동,8162568.4,72220.5,8605,-,-,2444053.1,-,-,3563042.2,-,365149.7,1892.4,6164,-,1093391.5,-,-,128629.9,50259.7,-,-,20897,352641.6,10486.3,-,36931.7,-,10,8193.8
서울시,관악구,신림동,18137722.6,26415,46567,-,-,10875409.8,-,-,4320677.5,-,576360.7,12797.4,4179.9,-,1382267,-,15639.7,416018.3,46213,-,-,16648,280539.8,-,-,38572.1,-,16,79401.4
서울시,관악구,남현동,3268077.9,25147,161,-,-,2723035,-,-,330057.2,-,19191.3,3151.3,2050,-,135321.3,-,-,515,16139,-,-,-,5679.2,-,-,3363.1,-,-,4267.5
서울시,서초구,소계,46965958.6,2175310.1,1543986,8018,388,17815186.4,-,-,13144667,-,910064.6,35684.1,54228.5,7540,6302587.1,2338.2,217176.6,2493205.5,276588,85537.3,-,72009.3,1040009.5,1982.5,6336,37306.3,-,16854,718955.6
서울시,서초구,방배동,6734907.1,58318,103572,-,-,2317821.3,-,-,2798550.8,-,175731.2,4524.4,17175.1,-,987469.6,2278,66,57595,65179.1,-,-,30353,42989.1,-,-,6577.3,-,-,66707.2
서울시,서초구,양재동,4071452.3,30792,14104,-,-,621859,-,-,1615977.4,-,51974.5,11636.2,13372.1,-,834790.8,-,-,277047.3,3964,-,-,-,424164.9,-,-,4015.3,-,152,167602.8
서울시,서초구,우면동,4128240.6,105448,46287,-,-,2294959,-,-,864791.1,-,42918.2,6323.2,5084.8,1797,370425.2,-,2465,140703.9,9123,7020,-,100,175062.7,1982.5,-,9764.7,-,-,43985.3
서울시,서초구,원지동,5115872,415719,345697,5991,-,3864459,-,-,57906,-,-,-,-,-,301770,-,-,2172,99061,-,-,-,553,-,2347,909,-,3159,16129
서울시,서초구,잠원동,3035875.4,53,-,-,-,-,-,-,1189391.9,-,94567.5,-,1697.9,-,641984.6,-,42333.1,976504.1,-,-,-,-,42967.5,-,-,3817.7,-,-,42558.1
서울시,서초구,반포동,4784317.6,4134,968,-,-,244441,-,-,2251017.1,-,187798,3241.7,5151.5,-,838656.4,-,172312.5,850100.9,17396.9,76544.6,-,1012,105452.1,-,-,5916.9,-,13190,6984
서울시,서초구,서초동,6412349,31682,19930,-,-,995170.1,-,-,3509640.5,-,325886,3089.6,9779.2,-,1259876,60.2,-,6454,1135,-,-,33989.3,88849.9,-,-,-,-,-,126807.2
서울시,서초구,내곡동,8266038.3,1008887.1,587868,-,388,5089984,-,-,441037.2,-,20473.4,3617.6,1967.9,5079,698265.5,-,-,55004,49335,-,-,6555,62975.3,-,-,1993.3,-,-,232608
서울시,서초구,염곡동,1642851.5,218604,112920,2027,-,957255,-,-,138925.4,-,9481,-,-,-,152209.1,-,-,19760,17404,-,-,-,2933,-,-,2174,-,-,9159
서울시,서초구,신원동,2774054.8,301673,312640,-,-,1429238,-,-,277429.6,-,1234.8,3251.4,-,664,217139.9,-,-,107864.3,13990,1972.7,-,-,94062,-,3989,2138.1,-,353,6415
서울시,강남구,소계,39497597.1,633787.1,703793.4,4240,-,6023056,-,-,16312595.2,8331,1489685.4,65539.8,60327.3,685.3,6779910.2,218796.5,114579.5,4008403.9,31187,104311.1,-,22897.6,1710208.6,6908.1,-,160416.2,-,30558,1007379.9
서울시,강남구,역삼동,3497522.1,327,-,-,-,-,-,-,2476350.1,-,70793.7,1023.4,5289.4,396.3,851911.5,11.4,-,-,-,-,-,-,54885.2,6908.1,-,28036.5,-,-,1589.5
서울시,강남구,개포동,5424693.6,114621,119660,-,-,1669356,-,-,1743117,-,357046.1,12827.2,2057.7,-,655909,828.2,-,202409.4,7069,-,-,-,485190,-,-,4418.2,-,-,50184.8
서울시,강남구,청담동,2332909.5,-,-,-,-,-,-,-,1052407.8,-,109035,1446.9,5343.8,-,506004.4,130.9,29835.9,528679,-,-,-,-,72228.8,-,-,3127.6,-,-,24669.4
서울시,강남구,삼성동,3193589.8,-,-,-,-,-,-,-,1693146.2,-,163781.4,-,9228.4,-,668029.2,385.5,6826.3,317108.8,-,-,-,15770.7,252248.6,-,-,67064.7,-,-,-
서울시,강남구,대치동,3791374.3,5369.1,352.4,-,-,2205,-,-,2113079.4,-,163397.8,1362.8,8604.1,-,722839.3,144.8,31360.3,448199.3,-,84053.3,-,287,77508.1,-,-,8782.8,-,-,123828.8
서울시,강남구,신사동,1723335.6,4654,-,-,-,-,-,-,946370.3,-,30186.5,3277.5,3674.5,-,410664.1,55.5,-,271824,-,-,-,-,35683.7,-,-,16181.5,-,-,764
서울시,강남구,논현동,2717301,-,-,-,-,-,-,-,1929703.5,-,38261.9,1971,6353.4,-,696716.5,75.3,-,-,-,-,-,-,40491.9,-,-,3727.5,-,-,-
서울시,강남구,압구정동,2685131.5,-,-,-,-,-,-,-,786178.7,-,122587,-,-,-,436690.7,101.4,-,1290051.9,-,-,-,-,47470.7,-,-,-,-,-,2051.1
서울시,강남구,세곡동,2419519.9,181295,60415,4240,-,849705,-,-,387898.9,8331,24683.7,5755.4,2400,-,279119.4,-,241,274975.2,5941,10848.9,-,-,62393.7,-,-,4966.7,-,5798,250512
서울시,강남구,자곡동,2666412,44953,296954,-,-,966775,-,-,586625.1,-,49935.9,2634.6,8474.9,-,203668.8,167344,13469,53655,9753,7043.4,-,150,179366.1,-,-,1614.7,-,24760,49235.5
서울시,강남구,율현동,1275047.9,173437,124337,-,-,379288,-,-,169185.7,-,-,4028.6,17,289,147708.1,-,1535,119779,962,-,-,-,83940.9,-,-,3429.6,-,-,67111
서울시,강남구,일원동,3103355.1,56259,14911,-,-,778175,-,-,972264.4,-,140084.7,3833.6,711.4,-,462230.3,-,-,225526,4599,-,-,278.2,130101.8,-,-,1955.7,-,-,312425
서울시,강남구,수서동,2629173.6,36930,82173,-,-,1037821,-,-,436639.7,-,83341.7,26713.8,890.5,-,370011,48962,31312,187764,1141,2365.5,-,6411.7,141623.6,-,-,10961.5,-,-,124111.6
서울시,강남구,도곡동,2038231.2,15942,4991,-,-,339731,-,-,1019628.4,-,136550,665,7282.2,-,368407.9,757.5,-,88432.3,1722,-,-,-,47075.5,-,-,6149.2,-,-,897.2
서울시,송파구,소계,33876575,466732,555357,-,-,667639,-,-,14919051.9,-,1393137,115408.5,36584.5,3157,6255295.4,64648,425613.7,5335329.6,41050.8,264642,-,7001.2,2400673.1,425870.4,17799,29111.9,225728.9,524,226220.1
서울시,송파구,잠실동,5211941.9,-,-,-,-,-,-,-,2075517.1,-,212186.5,219.4,1897.3,-,962883.3,-,141625.1,1053063.1,-,66212.8,-,-,276488,402815.9,17799,1234.4,-,-,-
서울시,송파구,신천동,4346310.8,-,-,-,-,-,-,-,955359.3,-,61767.9,-,-,-,391418.7,13211.5,38976.4,2702742.2,-,30264,-,-,151777.3,-,-,793.5,-,-,-
서울시,송파구,풍납동,2356381.6,34010,387,-,-,1709,-,-,848585.5,-,63931,6701,690,-,424003.9,-,88204.8,603445.2,11,15574.9,-,-,25158.4,-,-,3526,225728.9,-,14715
서울시,송파구,송파동,1319423.2,-,-,-,-,14311,-,-,838204.3,-,95699.2,797,2404.6,-,315201.6,-,-,-,-,-,-,-,51931.8,-,-,-,-,-,873.7
서울시,송파구,석촌동,946728.7,-,-,-,-,-,-,-,602212.1,-,30881.7,831.5,4717,-,253635.7,-,-,-,-,-,-,-,52338.5,-,-,2112.2,-,-,-
서울시,송파구,삼전동,952761,6595,-,-,-,-,-,-,512277.6,-,38679.1,1915.6,1642.8,-,234559.7,-,11953.4,128703.9,-,-,-,-,14453.4,-,-,1980.5,-,-,-
서울시,송파구,가락동,3431874.4,5103,821,-,-,1710,-,-,2142514.1,-,128493.2,1211.7,2088.7,-,630785.3,-,66648,205145,2818,100706,-,-,141651.4,-,-,2045,-,-,134
서울시,송파구,문정동,2608808.2,24298,19527,-,-,1660,-,-,1450423.2,-,69512.5,3292.4,665.7,-,563502,51304.5,22043,105650.7,5694,-,-,-,228516.9,-,-,-,-,-,62718.3
서울시,송파구,장지동,2720445.5,170542,264495,-,-,80263,-,-,807928.5,-,85855.4,80145.2,11635.1,2957,664154.2,132,56163,200788.6,15151,-,-,6310,200678.9,-,-,5851.9,-,104,67290.7
서울시,송파구,방이동,4468042.4,101965,205722,-,-,25456,-,-,2162414,-,343757.1,3693,2489.2,-,680416.8,-,-,219723.5,2533,51884.3,-,-,593607.3,13877,-,2777,-,-,57727.2
서울시,송파구,오금동,1651536.7,2370,4616,-,-,19517,-,-,752660.7,-,115569.2,798.6,3499.7,-,389881.2,-,-,59078.2,877,-,-,665,302004.1,-,-,-,-,-,-
서울시,송파구,거여동,2392586.8,61482,59598,-,-,456348,-,-,1094783,-,94886.6,8652.4,3434.3,-,446664.5,-,-,17062.6,11795.8,-,-,-,111520.7,4426.5,-,2514.5,-,420,18997.9
서울시,송파구,마천동,1469733.8,60367,191,-,-,66665,-,-,676172.5,-,51917.6,7150.7,1420.1,200,298188.5,-,-,39926.6,2171,-,-,26.2,250546.4,4751,-,6276.9,-,-,3763.3
서울시,강동구,소계,24590382.7,1183638.7,859158,3264,-,2828629.9,-,-,8996898.8,3514,767598.6,73474,26338.2,2269,3879638.4,258637,338616.7,3305447.9,39058.5,43102.2,-,311388,1181850.8,3480,-,33817.4,99440,2537,348585.6
서울시,강동구,명일동,1575542,9601,11577,-,-,315649,-,-,822043.5,-,59392.5,5704.1,2486.8,-,246014.4,-,-,19,-,1458,-,-,65491.9,-,-,11823.5,-,129,24152.3
서울시,강동구,고덕동,4015814.2,285517.7,163703,-,-,560563,-,-,865943,-,174695.7,2120,-,300,461192.4,258614,101493,555631,13048,31018,-,-,332947.4,1804,-,2733,-,-,204491
서울시,강동구,상일동,2923316.9,172136,65339,-,-,701751,-,-,875324.3,-,109628.2,1764,4641,1969,551867.4,-,-,60522.9,306,-,-,-,328894.8,-,-,1969.2,1086,1384,44734.1
서울시,강동구,길동,1611207.8,26276,25056,-,-,240033,-,-,806096.3,-,45619,2796.4,1756.9,-,375365.5,-,-,-,1987,-,-,-,74024.7,-,-,2497,-,-,9700
서울시,강동구,둔촌동,2461511.8,123254,47969,2670,-,528482,-,-,1096253.3,3514,126182.2,4271,5510.3,-,320076.7,-,-,-,2385,-,-,21867,167378,1676,-,2792.7,-,172,7058.6
서울시,강동구,암사동,4711364.2,325843,152390,594,-,385284.2,-,-,1092624.9,-,80655.2,1999.5,3231.5,-,428523.4,-,157289.4,1659355,-,-,-,289521,26683.1,-,-,350,98354,478,8188
서울시,강동구,성내동,1958959.1,928,433,-,-,551,-,-,1331126.5,-,41168.7,-,5948.5,-,558018.5,-,-,93,442.5,-,-,-,18729.2,-,-,995.2,-,-,525
서울시,강동구,천호동,3065462.5,1622,316,-,-,1231,-,-,1595425.7,-,86265.1,9598.3,1362.7,-,541644.7,23,32668.3,740720,114,10626.2,-,-,40512.9,-,-,2487.2,-,-,845.4
서울시,강동구,강일동,2267204.2,238461,392375,-,-,95085.7,-,-,512061.3,-,43992,45220.7,1400.5,-,396935.4,-,47166,289107,20776,-,-,-,127188.8,-,-,8169.6,-,374,48891.2
